Functional Location Name L6,Functional Location Type L6,Functional Location Id L6,Functional Location Name L5,Functional Location Type L5,Functional Location Id L5,Functional Location Name L4,Functional Location Type L4,Functional Location Id L4,Functional Location Name L3,Functional Location Type L3,Functional Location Id L3,Functional Location Name L2,Functional Location Type L2,Functional Location Id L2,Functional Location Name L1,Functional Location Type L1,Functional Location Id L1,Asset Id,Asset Name,Asset Status
DoH Tasmania,Organisation,100095,South,Region,100094,New Norfolk Ambulance Station (NNAS),Site,102159,Ambulance Residence,Building,101777,01. Ground Floor,Floor,101199,BLDG Structure,Structure,100617,BLD100292,2029-01 Ambulance Residence-GF,Active
DoH Tasmania,Organisation,100095,North West,Region,100093,Smithton District Hospital Precinct (SDHP),Site,102185,Carport,Building,102014,01. Ground Floor,Floor,101588,BLDG Structure,Structure,101006,BLD102346,0885-01 Carport -GF,Active
DoH Tasmania,Organisation,100095,North,Region,100092,Launceston General Hospital Precinct (LGHP),Site,102143,John L Grove Building,Building,102000,01. Ground Floor,Floor,101574,BLDG Structure,Structure,100992,BLD102501,0110-01 John L Grove Building-GF,Active
DoH Tasmania,Organisation,100095,North West,Region,100093,Acton Hub (ACNH),Site,102099,Oral Health Services,Building,101950,01. Ground Floor,Floor,101478,BLDG Structure,Structure,100896,BLD102385,2002-01 Oral Health Services-GF,Active
DoH Tasmania,Organisation,100095,North West,Region,100093,Mersey Community Hospital Precinct (MCHP),Site,102140,Community Hospital,Building,101944,02. First Floor,Floor,101471,BLDG Structure,Structure,100889,BLD102466,0122-02 Community Hospital-L1,Active
DoH Tasmania,Organisation,100095,North,Region,100092,Scottsdale Ambulance Station (SDAS),Site,102181,Garage,Building,102020,01. Ground Floor,Floor,101594,BLDG Structure,Structure,101012,BLD102337,0858-01 Garage-GF,Active
DoH Tasmania,Organisation,100095,North,Region,100092,Flinders Island Multi Purpose Service Centre (FIMPSC),Site,102209,Multipurpose Service Centre,Building,101858,01. Ground Floor,Floor,101298,BLDG Structure,Structure,100716,BLD102554,0237-01 Multipurpose Service Centre-GF,Active
DoH Tasmania,Organisation,100095,North,Region,100092,Launceston General Hospital Precinct (LGHP),Site,102143,Nurse's Home 2,Building,102008,02. First Floor,Floor,101665,BLDG Structure,Structure,101083,BLD102510,0797-02 Nurse's Home 2  -L1,Active
DoH Tasmania,Organisation,100095,North,Region,100092,Northern Dental Health Centre (NDHC),Site,102142,Oral Health Services,Building,101935,01. Ground Floor,Floor,101496,BLDG Structure,Structure,100914,BLD102477,2019-01 Oral Health Services-GF,Active
DoH Tasmania,Organisation,100095,North,Region,100092,Launceston General Hospital Precinct (LGHP),Site,102143,Northern Community Health Centre (Integrated Care Service),Building,101919,01. Ground Floor,Floor,101433,BLDG Structure,Structure,100851,BLD102290,0874-01 Northern Community Health Centre (Integrated Care Service)-GF,Active
DoH Tasmania,Organisation,100095,South,Region,100094,Wilfred Lopes Secure Mental Health Facility (WLSMHF),Site,102215,Semi Independent Living Units (SILU),Building,101690,01. Ground Floor,Floor,101111,BLDG Structure,Structure,100529,BLD100386,0739-01 Independent Living Units-GF,Active
DoH Tasmania,Organisation,100095,North,Region,100092,Launceston General Hospital Precinct (LGHP),Site,102143,Launceston General Hospital,Building,101923,06. Sixth Floor,Floor,101443,BLDG Structure,Structure,100861,BLD102490,0100-06 Launceston General Hospital-L6,Active
DoH Tasmania,Organisation,100095,North West,Region,100093,Mersey Community Hospital Precinct (MCHP),Site,102140,Unit 2,Building,101998,01. Ground Floor,Floor,101570,BLDG Structure,Structure,100988,BLD102458,0789-01 Unit 2-GF,Active
DoH Tasmania,Organisation,100095,South,Region,100094,Wilfred Lopes Secure Mental Health Facility (WLSMHF),Site,102215,ADEH Administration Building,Building,101710,01. Ground Floor,Floor,101131,BLDG Structure,Structure,100549,BLD100368,0610-01 ADEH Building-GF,Active
DoH Tasmania,Organisation,100095,North,Region,100092,Whitemark Residence (FIMPSCR),Site,102210,Residence,Building,101911,01. Ground Floor,Floor,101410,BLDG Structure,Structure,100828,BLD102355,0927-01 Residence-GF,Active
DoH Tasmania,Organisation,100095,North,Region,100092,Campbell Town Ambulance Residence (CTMPSCAR),Site,102104,Carport,Building,101947,01. Ground Floor,Floor,101474,BLDG Structure,Structure,100892,BLD102392,0830-01 Carport -GF,Active
DoH Tasmania,Organisation,100095,North,Region,100092,Launceston General Hospital Precinct (LGHP),Site,102143,Child Care Centre,Building,101962,01. Ground Floor,Floor,101503,BLDG Structure,Structure,100921,BLD102285,2021-01 Child Care Centre-GF,Active
DoH Tasmania,Organisation,100095,North,Region,100092,Scottsdale Ambulance Station (SDAS),Site,102181,Ambulance Station,Building,102007,01. Ground Floor,Floor,101581,BLDG Structure,Structure,100999,BLD102338,0833-01 Ambulance Station-GF,Active
DoH Tasmania,Organisation,100095,North,Region,100092,George Town Hospital Precinct (GTHP),Site,102117,Ambulance Residence,Building,101733,01. Ground Floor,Floor,101154,BLDG Structure,Structure,100572,BLD100390,0796-01 Ambulance Residence -GF,Active
DoH Tasmania,Organisation,100095,North,Region,100092,Scottsdale Ambulance Station (SDAS),Site,102181,Carport,Building,102062,01. Ground Floor,Floor,101641,BLDG Structure,Structure,101059,BLD102341,0859-01 Carport-GF,Active
DoH Tasmania,Organisation,100095,North West,Region,100093,Mersey Community Hospital Precinct (MCHP),Site,102140,Records storage,Building,101995,01. Ground Floor,Floor,101566,BLDG Structure,Structure,100984,BLD102473,0774-01 Records storage-GF,Active
DoH Tasmania,Organisation,100095,North West,Region,100093,North West Regional Ambulance Station (RASNW),Site,102101,Regional Office,Building,101937,01. Ground Floor,Floor,101457,BLDG Structure,Structure,100875,BLD102391,0048-01 Regional Office -GF,Active
DoH Tasmania,Organisation,100095,North,Region,100092,Launceston General Hospital Precinct (LGHP),Site,102143,Oakrise (Kelham St),Building,102066,01. Ground Floor,Floor,101645,BLDG Structure,Structure,101063,BLD102496,0108-01 Oakrise (Kelham St)-GF,Active
DoH Tasmania,Organisation,100095,North West,Region,100093,King Island District Hospital and Community Health Centre (KIDHCHC),Site,102108,District Hospital Loading Bay Roof,Building,104782,01. Roof,Floor,104794,BLDG Structure,Structure,104821,BLD162971,2117-01 District Hospital Loading Bay-RF,Active
DoH Tasmania,Organisation,100095,North West,Region,100093,Mersey Community Hospital Precinct (MCHP),Site,102140,Residence (0992),Building,101890,01. Ground Floor,Floor,101353,BLDG Structure,Structure,100771,BLD102640,0992-01 Residence-GF,Active
DoH Tasmania,Organisation,100095,North,Region,100092,St Helens District Hospital (SHDH),Site,102190,District Hospital,Building,101793,01. Ground Floor,Floor,101215,BLDG Structure,Structure,100633,BLD100401,0968-01 District Hospital-GF,Active
DoH Tasmania,Organisation,100095,North West,Region,100093,Central Coast Community Health Centre (CCCHC),Site,102206,Community Health Centre,Building,101713,01. Ground Floor,Floor,101134,BLDG Structure,Structure,100552,BLD100330,0222-01 Community Health Centre-GF,Active
DoH Tasmania,Organisation,100095,North West,Region,100093,Mersey Community Hospital Precinct (MCHP),Site,102140,Residence (0207),Building,101909,01. Ground Floor,Floor,101408,BLDG Structure,Structure,100826,BLD102642,0207-01 Residence-GF,Active
DoH Tasmania,Organisation,100095,North West,Region,100093,Mersey Community Hospital Precinct (MCHP),Site,102140,Community Hospital,Building,101944,05. Roof,Floor,104801,BLDG Structure,Structure,104828,BLD162979,0122-05 Community Hospital-RF,Active
DoH Tasmania,Organisation,100095,North,Region,100092,George Town Hospital Precinct (GTHP),Site,102117,Ambulance Station,Building,101736,01. Ground Floor,Floor,101157,BLDG Structure,Structure,100575,BLD100334,0249-01 Ambulance Station -GF,Active
DoH Tasmania,Organisation,100095,North,Region,100092,The Corner Launceston (TCL),Site,102145,Headspace Inc,Building,101957,02. First Floor,Floor,101495,BLDG Structure,Structure,100913,BLD102294,2022-02 Headspace Inc -L1,Active
DoH Tasmania,Organisation,100095,North West,Region,100093,Mersey Community Hospital Precinct (MCHP),Site,102140,Store / Workshop,Building,101933,01. Ground Floor,Floor,101451,BLDG Structure,Structure,100869,BLD102468,0773-01 Store / Workshop-GF,Active
DoH Tasmania,Organisation,100095,North,Region,100092,Launceston General Hospital Precinct (LGHP),Site,102143,Launceston General Hospital,Building,101923,03. Third Floor,Floor,101459,BLDG Structure,Structure,100877,BLD102486,0100-03 Launceston General Hospital-L3,Active
DoH Tasmania,Organisation,100095,North,Region,100092,Launceston General Hospital Precinct (LGHP),Site,102143,Nelumie Flats Units 1 - 6,Building,102022,01. Ground Floor,Floor,101597,BLDG Structure,Structure,101015,BLD102495,0036-01 Nelumie Flats Units 1 - 6-GF,Active
DoH Tasmania,Organisation,100095,North,Region,100092,Rocherlea - MHS Residential Rehab (RMHS),Site,102178,Units 5 & 6,Building,102012,01. Ground Floor,Floor,101586,BLDG Structure,Structure,101004,BLD102329,0762-01 Units 5 & 6 -GF,Active
DoH Tasmania,Organisation,100095,North,Region,100092,Launceston General Hospital Precinct (LGHP),Site,102143,Chimney Villa,Building,102076,01. Ground Floor,Floor,101657,BLDG Structure,Structure,101075,BLD102298,0104-01 Chimney Villa -GF,Active
DoH Tasmania,Organisation,100095,North West,Region,100093,North West Alcohol and Drug Service (NWADS),Site,102205,Alcohol & Drugs Service,Building,101880,01. Ground Floor,Floor,101337,BLDG Structure,Structure,100755,BLD102550,0211-01 Alcohol & Drugs Service -GF,Active
DoH Tasmania,Organisation,100095,North,Region,100092,Launceston General Hospital Precinct (LGHP),Site,102143,Allambie Building,Building,102025,01. Basement,Floor,101618,BLDG Structure,Structure,101036,BLD102502,0109-01 Allambie Building-B,Active
DoH Tasmania,Organisation,100095,North West,Region,100093,Mersey Community Hospital Precinct (MCHP),Site,102140,Unit 4,Building,101949,01. Ground Floor,Floor,101477,BLDG Structure,Structure,100895,BLD102462,0791-01 Unit 4-GF,Active
DoH Tasmania,Organisation,100095,North,Region,100092,Launceston General Hospital Precinct (LGHP),Site,102143,Lindsay Miller Building,Building,101978,01. Ground Floor,Floor,101531,BLDG Structure,Structure,100949,BLD102479,2020-01 Lindsay Miller Building-GF,Active
DoH Tasmania,Organisation,100095,North,Region,100092,North East Soldiers Memorial Hospital (NESMH),Site,102096,District Hospital,Building,101999,01. Ground Floor,Floor,101573,BLDG Structure,Structure,100991,BLD102339,0136-01 District Hospital-GF,Active
DoH Tasmania,Organisation,100095,North West,Region,100093,Mersey Community Hospital Precinct (MCHP),Site,102140,Gardener's Sheds,Building,101994,01. Ground Floor,Floor,101563,BLDG Structure,Structure,100981,BLD102460,0793-01 Gardener's Sheds -GF,Active
DoH Tasmania,Organisation,100095,North West,Region,100093,North West Regional Hospital Precinct (NWRHP),Site,102107,Gardener Shed,Building,104779,01. Ground Floor,Floor,104790,BLDG Structure,Structure,104817,BLD162968,2102-01 Gardener Shed,Active
DoH Tasmania,Organisation,100095,North West,Region,100093,Mersey Community Hospital Precinct (MCHP),Site,102140,Unit 5,Building,101952,01. Ground Floor,Floor,101482,BLDG Structure,Structure,100900,BLD102463,0792-01 Unit 5-GF,Active
DoH Tasmania,Organisation,100095,South,Region,100094,Triabunna Station (TBAS),Site,102200,Ambulance - building vacant for disposal,Building,101914,01. Ground Floor,Floor,101417,BLDG Structure,Structure,100835,BLD102546,0713-01 Ambulance - building vacant for disposal -GF,Active
DoH Tasmania,Organisation,100095,North,Region,100092,Perth Child Health Centre (PCHC),Site,102171,Child Health Centre,Building,102054,01. Ground Floor,Floor,101632,BLDG Structure,Structure,101050,BLD102535,0239-01 Child Health Centre-GF,Active
DoH Tasmania,Organisation,100095,North,Region,100092,Campbell Town Ambulance Residence (CTMPSCAR),Site,102104,Residence,Building,101955,01. Ground Floor,Floor,101491,BLDG Structure,Structure,100909,BLD102393,0243-01 Residence-GF,Active
DoH Tasmania,Organisation,100095,North,Region,100092,Northern Region Ambulance Station (RASN),Site,102144,Ambulance Station,Building,101979,01. Ground Floor,Floor,101539,BLDG Structure,Structure,100957,BLD102493,0217-01 Ambulance Station -GF,Active
DoH Tasmania,Organisation,100095,South,Region,100094,Wilfred Lopes Secure Mental Health Facility (WLSMHF),Site,102215,ADEH Administration Building,Building,101710,02. First Floor,Floor,104815,BLDG Structure,Structure,104842,BLD162970,0610-02 ADEH Building-L1,Active
DoH Tasmania,Organisation,100095,North West,Region,100093,Mersey Community Hospital Precinct (MCHP),Site,102140,Ambulance Station,Building,101930,01. Ground Floor,Floor,101446,BLDG Structure,Structure,100864,BLD102283,0772-01 Ambulance Station-GF,Active
DoH Tasmania,Organisation,100095,North,Region,100092,Launceston General Hospital Precinct (LGHP),Site,102143,Launceston General Hospital,Building,101923,02. Second Floor,Floor,101437,BLDG Structure,Structure,100855,BLD102488,0100-02 Launceston General Hospital-L2,Active
DoH Tasmania,Organisation,100095,North,Region,100092,Mowbray - Oral Health & Child Health Clinic (MOH&CHC),Site,102156,Oral Health & Child Health Clinic,Building,102013,01. Ground Floor,Floor,101587,BLDG Structure,Structure,101005,BLD102520,2026-01 Oral Health & Child Health Clinic-GF,Active
DoH Tasmania,Organisation,100095,North,Region,100092,Invermay Day Care Centre (IDCC),Site,102136,Day Centre,Building,101967,01. Ground Floor,Floor,101515,BLDG Structure,Structure,100933,BLD102455,0226-01 Day Centre -GF,Active
DoH Tasmania,Organisation,100095,North,Region,100092,Longford Ambulance Station (LAS),Site,102150,Ambulance Station,Building,102082,01. Ground Floor,Floor,101663,BLDG Structure,Structure,101081,BLD102304,0832-01 Ambulance Station -GF,Active
DoH Tasmania,Organisation,100095,South,Region,100094,Terry Street MHS (TEMHS),Site,102118,Mental Health Services,Building,101959,01. Ground Floor,Floor,101536,BLDG Structure,Structure,100954,BLD102412,0315-01 Mental Health Services-GF,Active
DoH Tasmania,Organisation,100095,South,Region,100094,Royal Hobart Hospital Precinct (RHHP),Site,102125,D Block - Infill building,Building,101895,02. First Floor,Floor,101426,BLDG Structure,Structure,100844,BLD102560,0121-02 D Block - Infill building-L1,Active
DoH Tasmania,Organisation,100095,North West,Region,100093,Devonport Community Health Centre (DCHC),Site,102113,Community Health Centre,Building,101746,01. Ground Floor,Floor,101167,BLDG Structure,Structure,100585,BLD100321,0140-01 Community Health Centre -GF,Active
DoH Tasmania,Organisation,100095,North West,Region,100093,Mersey Community Hospital Precinct (MCHP),Site,102140,Admin & Allied Health,Building,101936,01. Ground Floor,Floor,101456,BLDG Structure,Structure,100874,BLD102469,0769-01 Admin & Allied Health -GF,Active
DoH Tasmania,Organisation,100095,North West,Region,100093,Mersey Community Hospital Precinct (MCHP),Site,102140,Residence (0516),Building,101894,01. Ground Floor,Floor,101363,BLDG Structure,Structure,100781,BLD102645,0516-01 Residence-GF,Active
DoH Tasmania,Organisation,100095,South,Region,100094,Roy Fagan Centre (RFC),Site,102146,Zone 3,Building,102030,01. Ground Floor,Floor,101605,BLDG Structure,Structure,101023,BLD102514,0650-01 Zone 3-GF,Active
DoH Tasmania,Organisation,100095,North,Region,100092,The Corner Launceston (TCL),Site,102145,Headspace Inc,Building,101957,01. Ground Floor,Floor,101526,BLDG Structure,Structure,100944,BLD102494,2022-01 Headspace Inc -GF,Active
DoH Tasmania,Organisation,100095,North West,Region,100093,Mersey Community Hospital Precinct (MCHP),Site,102140,Community Hospital,Building,101944,01. Ground Floor,Floor,101532,BLDG Structure,Structure,100950,BLD102464,0122-01 Community Hospital-GF,Active
DoH Tasmania,Organisation,100095,South,Region,100094,Tasman Multi Purpose Service Centre Precinct (TMPSCP),Site,102166,A Block,Building,102044,01. Lower Ground Floor,Floor,101620,BLDG Structure,Structure,101038,BLD102528,0485-01 A Block-LGF,Active
DoH Tasmania,Organisation,100095,North West,Region,100093,Mersey Community Hospital Precinct (MCHP),Site,102140,Workshop & Morgue,Building,101981,01. Ground Floor,Floor,101543,BLDG Structure,Structure,100961,BLD102472,0771-01 Workshop & Morgue-GF,Active
DoH Tasmania,Organisation,100095,North,Region,100092,Flinders Island Multi Purpose Service Centre (FIMPSC),Site,102209,Store / Workshop,Building,101899,01. Ground Floor,Floor,101374,BLDG Structure,Structure,100792,BLD102354,0238-01 Store / Workshop-GF,Active
DoH Tasmania,Organisation,100095,South,Region,100094,Royal Hobart Hospital Precinct (RHHP),Site,102125,RHH - K Block,Building,101860,07. Fifth Floor,Floor,101300,BLDG Structure,Structure,100718,BLD102628,0988-07 K Block -L5,Active
DoH Tasmania,Organisation,100095,North,Region,100092,Launceston General Hospital Precinct (LGHP),Site,102143,THS - Administration Centre,Building,101934,02. First Floor,Floor,101452,BLDG Structure,Structure,100870,BLD102289,2072-02 THS - Administration Centre -L1,Active
DoH Tasmania,Organisation,100095,North,Region,100092,Launceston General Hospital Precinct (LGHP),Site,102143,Launceston General Hospital,Building,101923,04. Fourth Floor,Floor,101504,BLDG Structure,Structure,100922,BLD102485,0100-04 Launceston General Hospital-L4,Active
DoH Tasmania,Organisation,100095,South,Region,100094,Royal Hobart Hospital Precinct (RHHP),Site,102125,RHH - D Block,Building,101871,09. Roof,Floor,104808,BLDG Structure,Structure,104835,BLD162985,0118-09 D Block-RF,Active
DoH Tasmania,Organisation,100095,South,Region,100094,Tolosa Street MHS (TOMHS),Site,102119,Unit 110A,Building,101961,01. Ground Floor,Floor,101502,BLDG Structure,Structure,100920,BLD102279,0611-01 Unit 110A-GF,Active
DoH Tasmania,Organisation,100095,South,Region,100094,Swansea Ambulance Garage (SAG),Site,102196,Ambulance Garage,Building,101902,01. Ground Floor,Floor,101389,BLDG Structure,Structure,100807,BLD102352,0938-01 Ambulance Garage-GF,Active
DoH Tasmania,Organisation,100095,South,Region,100094,Royal Hobart Hospital Precinct (RHHP),Site,102125,RHH - D Block,Building,101871,03. First Floor,Floor,101380,BLDG Structure,Structure,100798,BLD102586,0118-03 D Block -L1,Active
DoH Tasmania,Organisation,100095,North West,Region,100093,North West Regional Hospital Precinct (NWRHP),Site,102107,Family Accommodation Unit,Building,101953,01. Ground Floor,Floor,101483,BLDG Structure,Structure,100901,BLD102402,0835-01 Family Accommodation Unit-GF,Active
DoH Tasmania,Organisation,100095,North,Region,100092,Launceston General Hospital Precinct (LGHP),Site,102143,Nurse's Home 2,Building,102008,01. Ground Floor,Floor,101582,BLDG Structure,Structure,101000,BLD102509,0797-01 Nurse's Home 2  -GF,Active
DoH Tasmania,Organisation,100095,North West,Region,100093,Mersey Community Hospital Precinct (MCHP),Site,102140,Helipad,Building,101872,02. First Floor,Floor,101316,BLDG Structure,Structure,100734,BLD102641,1005-02 Helipad-L1,Active
DoH Tasmania,Organisation,100095,North,Region,100092,Launceston General Hospital Precinct (LGHP),Site,102143,Launceston - Birthing Centre Inc,Building,101963,01. Ground Floor,Floor,101506,BLDG Structure,Structure,100924,BLD102284,0744-01 Launceston - Birthing Centre Inc-GF,Active
DoH Tasmania,Organisation,100095,South,Region,100094,Royal Hobart Hospital Precinct (RHHP),Site,102125,RHH - K Block,Building,101860,08. Sixth Floor,Floor,101308,BLDG Structure,Structure,100726,BLD102632,0988-08 K Block -L6,Active
DoH Tasmania,Organisation,100095,North,Region,100092,North East Soldiers Memorial Hospital (NESMH),Site,102096,Residence (Bridport),Building,101992,01. Ground Floor,Floor,101557,BLDG Structure,Structure,100975,BLD102381,0250-01 Residence (Bridport)-GF,Active
DoH Tasmania,Organisation,100095,North West,Region,100093,Mersey Community Hospital Precinct (MCHP),Site,102140,Community Equipment Scheme,Building,101985,01. Ground Floor,Floor,101550,BLDG Structure,Structure,100968,BLD102475,0770-01 Community Equipment Scheme-GF,Active
DoH Tasmania,Organisation,100095,North,Region,100092,Launceston General Hospital Precinct (LGHP),Site,102143,THS - Administration Centre,Building,101934,01. Ground Floor,Floor,101524,BLDG Structure,Structure,100942,BLD102286,2072-01 THS - Administration Centre -GF,Active
DoH Tasmania,Organisation,100095,North,Region,100092,St Helens Ambulance Station (SHAS),Site,102189,Residence,Building,102074,01. Ground Floor,Floor,101655,BLDG Structure,Structure,101073,BLD102349,4799-01 Residence-GF,Active
DoH Tasmania,Organisation,100095,North,Region,100092,Launceston General Hospital Precinct (LGHP),Site,102143,Nurse's Home 1,Building,102088,01. Ground Floor,Floor,101671,BLDG Structure,Structure,101089,BLD102508,0106-01 Nurse's Home 1 -GF,Active
DoH Tasmania,Organisation,100095,South,Region,100094,Royal Hobart Hospital Precinct (RHHP),Site,102125,RHH - F Block,Building,101859,03. Ground Floor,Floor,101299,BLDG Structure,Structure,100717,BLD102601,0736-03 F Block -GF,Active
DoH Tasmania,Organisation,100095,South,Region,100094,Sorell Ambulance Station (SAS),Site,102186,Ambulance Garage,Building,102016,01. Ground Floor,Floor,101590,BLDG Structure,Structure,101008,BLD102348,0705-01 Ambulance Garage-GF,Active
DoH Tasmania,Organisation,100095,North,Region,100092,Launceston General Hospital Precinct (LGHP),Site,102143,Nurse's Home 1,Building,102088,02. First Floor,Floor,101631,BLDG Structure,Structure,101049,BLD102507,0106-02 Nurse's Home 1  -L1,Active
DoH Tasmania,Organisation,100095,South,Region,100094,Royal Hobart Hospital Precinct (RHHP),Site,102125,D Block - Infill building,Building,101895,03. Second Floor,Floor,101367,BLDG Structure,Structure,100785,BLD102561,0121-03 D Block - Infill building-L2,Active
DoH Tasmania,Organisation,100095,North West,Region,100093,Mersey Community Hospital Precinct (MCHP),Site,102140,Admin & Allied Health,Building,101936,02. First Floor,Floor,101458,BLDG Structure,Structure,100876,BLD102470,0769-02 Admin & Allied Health -L1,Active
DoH Tasmania,Organisation,100095,South,Region,100094,Royal Hobart Hospital Precinct (RHHP),Site,102125,RHH - D Block,Building,101871,06. Fourth Floor,Floor,101422,BLDG Structure,Structure,100840,BLD102597,0118-06 D Block -L4,Active
DoH Tasmania,Organisation,100095,South,Region,100094,Royal Hobart Hospital Precinct (RHHP),Site,102125,RHH - A Block,Building,101861,14. Roof,Floor,104806,BLDG Structure,Structure,104833,BLD162977,0114-14 A Block- RF,Active
DoH Tasmania,Organisation,100095,North,Region,100092,Launceston General Hospital Precinct (LGHP),Site,102143,Sexual Health Building,Building,102021,01. Ground Floor,Floor,101595,BLDG Structure,Structure,101013,BLD102301,0547-01 Sexual Health Building-GF,Active
DoH Tasmania,Organisation,100095,North,Region,100092,Flinders Island Multi Purpose Service Centre (FIMPSC),Site,102209,Cape Barren Island - Lady Barron Health Centre,Building,104880,01. Ground Floor,Floor,104867,BLDG Structure,Structure,104854,BLD163001,3003-01 Cape Barren - Lady Barron Health Centre-GF,Active
DoH Tasmania,Organisation,100095,North,Region,100092,Launceston General Hospital Precinct (LGHP),Site,102143,Nelumie Flats Units 13 - 18,Building,102072,01. Ground Floor,Floor,101651,BLDG Structure,Structure,101069,BLD102498,0642-01 Nelumie Flats Units 13 - 18-GF,Active
DoH Tasmania,Organisation,100095,South,Region,100094,Royal Hobart Hospital Precinct (RHHP),Site,102125,RHH - F Block,Building,101859,09. Sixth Floor,Floor,101421,BLDG Structure,Structure,100839,BLD102605,0736-09 F Block -L6,Active
DoH Tasmania,Organisation,100095,North West,Region,100093,Mersey Community Hospital Precinct (MCHP),Site,102140,Residence (0993),Building,101904,01. Ground Floor,Floor,101391,BLDG Structure,Structure,100809,BLD102639,0993-01 Residence-GF,Active
DoH Tasmania,Organisation,100095,South,Region,100094,Royal Hobart Hospital Precinct (RHHP),Site,102125,RHH - H Block,Building,101870,11. Eighth floor,Floor,101317,BLDG Structure,Structure,100735,BLD102616,0113-11 H Block -L8,Active
DoH Tasmania,Organisation,100095,North,Region,100092,Launceston General Hospital Precinct (LGHP),Site,102143,Services Building,Building,102075,01. Ground Floor,Floor,101656,BLDG Structure,Structure,101074,BLD102295,0989-01 Services Building -GF,Active
DoH Tasmania,Organisation,100095,North West,Region,100093,Mersey Community Hospital Precinct (MCHP),Site,102140,Community Hospital,Building,101944,03. Second Floor,Floor,101560,BLDG Structure,Structure,100978,BLD102467,0122-03 Community Hospital-L2,Active
DoH Tasmania,Organisation,100095,South,Region,100094,Royal Hobart Hospital Precinct (RHHP),Site,102125,RHH - K Block,Building,101860,13. Eleventh Floor,Floor,101412,BLDG Structure,Structure,100830,BLD102634,0988-13 K Block -L11,Active
DoH Tasmania,Organisation,100095,South,Region,100094,Royal Hobart Hospital Precinct (RHHP),Site,102125,RHH - C Block,Building,101869,08. Roof,Floor,104807,BLDG Structure,Structure,104834,BLD162984,0112-08 C Block-RF,Active
DoH Tasmania,Organisation,100095,North,Region,100092,Northern Dental Health Centre (NDHC),Site,102142,Oral Health Services,Building,101935,02. First Floor,Floor,101453,BLDG Structure,Structure,100871,BLD102481,2019-02 Oral Health Services-L1,Active
DoH Tasmania,Organisation,100095,North,Region,100092,Launceston General Hospital Precinct (LGHP),Site,102143,Northern Community Health Centre (Integrated Care Service),Building,101919,02. First Floor,Floor,101564,BLDG Structure,Structure,100982,BLD102292,0874-02 Northern Community Health Centre (Integrated Care Service)-L1,Active
DoH Tasmania,Organisation,100095,South,Region,100094,Royal Hobart Hospital Precinct (RHHP),Site,102125,RHH - A Block,Building,101861,07. Fourth Floor,Floor,101416,BLDG Structure,Structure,100834,BLD102571,0114-07 A Block -L4,Active
DoH Tasmania,Organisation,100095,South,Region,100094,Tolosa Street MHS (TOMHS),Site,102119,Unit 110C,Building,101976,01. Ground Floor,Floor,101529,BLDG Structure,Structure,100947,BLD102410,0636-01 Unit 110C-GF,Active
DoH Tasmania,Organisation,100095,North,Region,100092,Summerhill Child Health Centre (SHCHC),Site,102195,Child Health Centre,Building,101907,01. Ground Floor,Floor,101405,BLDG Structure,Structure,100823,BLD102350,2047-01 Child Health Centre-GF,Active
DoH Tasmania,Organisation,100095,North,Region,100092,Launceston General Hospital Precinct (LGHP),Site,102143,Holman Clinic Patient & Student Accom & Spurr Wing,Building,102046,01. Ground Floor,Floor,101622,BLDG Structure,Structure,101040,BLD102511,0866-01 Holman Clinic Patient & Student Accom & Spurr Wing-GF,Active
DoH Tasmania,Organisation,100095,South,Region,100094,Royal Hobart Hospital Precinct (RHHP),Site,102125,RHH - H Block,Building,101870,02. Lower Ground Floor,Floor,101385,BLDG Structure,Structure,100803,BLD102608,0113-02 H Block -LGF,Active
DoH Tasmania,Organisation,100095,South,Region,100094,Royal Hobart Hospital Precinct (RHHP),Site,102125,RHH - K Block,Building,101860,09. Seventh Floor,Floor,101423,BLDG Structure,Structure,100841,BLD102631,0988-09 K Block -L7,Active
DoH Tasmania,Organisation,100095,North,Region,100092,North East Soldiers Memorial Hospital (NESMH),Site,102096,Store / Workshop,Building,102087,01. Ground Floor,Floor,101670,BLDG Structure,Structure,101088,BLD102340,0857-01 Store / Workshop-GF,Active
DoH Tasmania,Organisation,100095,North,Region,100092,George Town Hospital Precinct (GTHP),Site,102117,Residence,Building,101757,01. Ground Floor,Floor,101179,BLDG Structure,Structure,100597,BLD100409,2013-01 Residence -GF,Active
DoH Tasmania,Organisation,100095,North,Region,100092,Mowbray Ambulance Station (MBAS),Site,102155,Ambulance Station,Building,102068,01. Ground Floor,Floor,101647,BLDG Structure,Structure,101065,BLD102306,0801-01 Ambulance Station-GF,Active
DoH Tasmania,Organisation,100095,North West,Region,100093,Mersey Community Hospital Precinct (MCHP),Site,102140,Residence - Units 3 & 4,Building,101927,01. Ground Floor,Floor,101441,BLDG Structure,Structure,100859,BLD102482,0777-01 Residence - Units 3 & 4-GF,Active
DoH Tasmania,Organisation,100095,North,Region,100092,Miena Ambulance Station (MAS),Site,102151,Ambulance Station,Building,102080,01. Ground Floor,Floor,101661,BLDG Structure,Structure,101079,BLD102518,2025-01 Ambulance Station-GF,Active
DoH Tasmania,Organisation,100095,North,Region,100092,Launceston General Hospital Precinct (LGHP),Site,102143,Garage,Building,102036,01. Ground Floor,Floor,101611,BLDG Structure,Structure,101029,BLD102302,0936-01 Garage-GF,Active
DoH Tasmania,Organisation,100095,South,Region,100094,Royal Hobart Hospital Precinct (RHHP),Site,102125,RHH - E Block,Building,101879,02. Ground Floor,Floor,101343,BLDG Structure,Structure,100761,BLD102592,0119-02 E Block -GF,Active
DoH Tasmania,Organisation,100095,South,Region,100094,Royal Hobart Hospital Precinct (RHHP),Site,102125,RHH - K Block,Building,101860,06. Fourth Floor,Floor,101324,BLDG Structure,Structure,100742,BLD102627,0988-06 K Block -L4,Active
DoH Tasmania,Organisation,100095,South,Region,100094,Royal Hobart Hospital Precinct (RHHP),Site,102125,RHH - K Block,Building,101860,02. Ground Floor,Floor,101399,BLDG Structure,Structure,100817,BLD102624,0988-02 K Block -GF,Active
DoH Tasmania,Organisation,100095,North West,Region,100093,Mersey Community Hospital Precinct (MCHP),Site,102140,Sub Station/Pump Station,Building,101928,01. Ground Floor,Floor,101442,BLDG Structure,Structure,100860,BLD102474,0775-01 Sub Station/Pump Station-GF,Active
DoH Tasmania,Organisation,100095,South,Region,100094,Tolosa Street MHS (TOMHS),Site,102119,Unit 110B,Building,101991,01. Ground Floor,Floor,101556,BLDG Structure,Structure,100974,BLD102413,0635-01 Unit 110B-GF,Active
DoH Tasmania,Organisation,100095,North,Region,100092,Mowbray Ambulance Station (MBAS),Site,102155,Ambulance Garage,Building,102063,01. Ground Floor,Floor,101642,BLDG Structure,Structure,101060,BLD102305,0802-01 Ambulance Garage-GF,Active
DoH Tasmania,Organisation,100095,North West,Region,100093,Mersey Community Hospital Precinct (MCHP),Site,102140,Unit 1,Building,101940,01. Ground Floor,Floor,101463,BLDG Structure,Structure,100881,BLD102459,0620-01 Unit 1-GF,Active
DoH Tasmania,Organisation,100095,North West,Region,100093,Mersey Community Hospital Precinct (MCHP),Site,102140,Unit 3,Building,101964,01. Ground Floor,Floor,101507,BLDG Structure,Structure,100925,BLD102465,0790-01 Unit 3-GF,Active
DoH Tasmania,Organisation,100095,South,Region,100094,Ronald McDonald House (RMDH),Site,102126,Ronald McDonald House,Building,101932,02. First Floor,Floor,101538,BLDG Structure,Structure,100956,BLD102428,0779-02 Ronald McDonald House-L1,Active
DoH Tasmania,Organisation,100095,South,Region,100094,Royal Hobart Hospital Precinct (RHHP),Site,102125,RHH - D Block,Building,101871,07. Fifth Floor,Floor,101360,BLDG Structure,Structure,100778,BLD102590,0118-07 D Block -L5,Active
DoH Tasmania,Organisation,100095,North,Region,100092,Launceston General Hospital Precinct (LGHP),Site,102143,Launceston General Hospital,Building,101923,07. Seventh Floor,Floor,101464,BLDG Structure,Structure,100882,BLD102492,0100-07 Launceston General Hospital-L7,Active
DoH Tasmania,Organisation,100095,South,Region,100094,Terry Street MHS (TEMHS),Site,102118,Mental Health Services,Building,101959,03. Second Floor,Floor,101500,BLDG Structure,Structure,100918,BLD102414,0315-03 Mental Health Services-L2,Active
DoH Tasmania,Organisation,100095,South,Region,100094,Royal Hobart Hospital Precinct (RHHP),Site,102125,Vodafone building,Building,101855,06. Sixth Floor,Floor,101294,BLDG Structure,Structure,100712,BLD102373,2084-06 Vodafone building -L6,Active
DoH Tasmania,Organisation,100095,South,Region,100094,Southern Dental Centre (SDC),Site,102160,Warragul Ave Building,Building,102040,01. Ground Floor,Floor,101615,BLDG Structure,Structure,101033,BLD102524,0008-01 Warragul Ave Building-GF,Active
DoH Tasmania,Organisation,100095,North West,Region,100093,Hellyer Community Nursing (HCN),Site,104888,Hellyer Community Nursing,Building,104882,01. Ground Floor,Floor,104869,BLDG Structure,Structure,104856,BLD163008,3005-01 Hellyer Community Health Nursing,Active
DoH Tasmania,Organisation,100095,South,Region,100094,Southern Tas Ambulance Station (SRAS),Site,102123,Ambulance Station,Building,101969,02. Mezzanine,Floor,101518,BLDG Structure,Structure,100936,BLD102418,0897-02 Ambulance Station -MEZ,Active
DoH Tasmania,Organisation,100095,North West,Region,100093,North West Regional Ambulance Administration Offices (RASNWA),Site,102102,Car wash,Building,101990,01. Ground Floor,Floor,101555,BLDG Structure,Structure,100973,BLD102275,0049-01 Car wash-GF,Active
DoH Tasmania,Organisation,100095,South,Region,100094,Royal Hobart Hospital Precinct (RHHP),Site,102125,RHH Forecourt Coffee shop,Building,101874,01. Ground Floor,Floor,101321,BLDG Structure,Structure,100739,BLD102637,0975-01 RHH Forecourt Coffee shop-GF,Active
DoH Tasmania,Organisation,100095,North West,Region,100093,Mersey Community Hospital Precinct (MCHP),Site,102140,Community Hospital,Building,101944,04. Third Floor,Floor,101512,BLDG Structure,Structure,100930,BLD102471,0122-04 Community Hospital-L3,Active
DoH Tasmania,Organisation,100095,South,Region,100094,Tasman Multi Purpose Service Centre Precinct (TMPSCP),Site,102166,B Block,Building,102003,02. Ground Floor,Floor,101577,BLDG Structure,Structure,100995,BLD102529,0485-02 B Block-GF,Active
DoH Tasmania,Organisation,100095,North West,Region,100093,North West Regional Hospital Precinct (NWRHP),Site,102107,Major Hospital,Building,101989,01. Ground Floor,Floor,101554,BLDG Structure,Structure,100972,BLD102396,0272-01 Major Hospital-GF,Active
DoH Tasmania,Organisation,100095,North,Region,100092,Northern Region Ambulance Station (RASN),Site,102144,Northern Regional Office,Building,101945,02. First Floor,Floor,101472,BLDG Structure,Structure,100890,BLD102491,0217-02 Northern Regional Office-L1,Active
DoH Tasmania,Organisation,100095,North,Region,100092,Launceston General Hospital Precinct (LGHP),Site,102143,Lindsay Miller Building,Building,101978,02. First Floor,Floor,101537,BLDG Structure,Structure,100955,BLD102478,2020-02 Lindsay Miller Building-L1,Active
DoH Tasmania,Organisation,100095,South,Region,100094,Wilfred Lopes Secure Mental Health Facility (WLSMHF),Site,102215,Gym,Building,101722,01. Ground Floor,Floor,101143,BLDG Structure,Structure,100561,BLD100387,0738-01 Gym-GF,Active
DoH Tasmania,Organisation,100095,South,Region,100094,Royal Hobart Hospital Precinct (RHHP),Site,102125,D Block - Infill building,Building,101895,04. Third Floor,Floor,101397,BLDG Structure,Structure,100815,BLD102564,0121-04 D Block - Infill building-L3,Active
DoH Tasmania,Organisation,100095,North,Region,100092,Launceston General Hospital Precinct (LGHP),Site,102143,Northern Community Health Centre (Integrated Care Service),Building,101919,03. Second Floor,Floor,101489,BLDG Structure,Structure,100907,BLD102293,0874-03 Northern Community Health Centre (Integrated Care Service)-L2,Active
DoH Tasmania,Organisation,100095,South,Region,100094,Royal Hobart Hospital Precinct (RHHP),Site,102125,D Block - Infill building,Building,101895,05. Fourth Floor,Floor,101369,BLDG Structure,Structure,100787,BLD102559,0121-05 D Block - Infill building-L4,Active
DoH Tasmania,Organisation,100095,South,Region,100094,Wilfred Lopes Secure Mental Health Facility (WLSMHF),Site,102215,Plant Room (Utilities),Building,101723,01. Ground Floor,Floor,101144,BLDG Structure,Structure,100562,BLD100393,0807-01 Plant Room -GF,Active
DoH Tasmania,Organisation,100095,South,Region,100094,Royal Hobart Hospital Precinct (RHHP),Site,102125,RHH - A Block,Building,101861,02. Lower Ground Floor,Floor,101402,BLDG Structure,Structure,100820,BLD102566,0114-02 A Block -LGF,Active
DoH Tasmania,Organisation,100095,South,Region,100094,Royal Hobart Hospital Precinct (RHHP),Site,102125,RHH - C Block,Building,101869,06. Fourth Floor,Floor,101362,BLDG Structure,Structure,100780,BLD102583,0112-06 C Block -L4,Active
DoH Tasmania,Organisation,100095,South,Region,100094,Royal Hobart Hospital Precinct (RHHP),Site,102125,RHH - A Block,Building,101861,03. Ground Floor,Floor,101327,BLDG Structure,Structure,100745,BLD102567,0114-03 A Block -GF,Active
DoH Tasmania,Organisation,100095,North,Region,100092,Launceston General Hospital Precinct (LGHP),Site,102143,Wellington Street Child Health Centre,Building,104874,01. Ground Floor,Floor,104861,BLDG Structure,Structure,104848,BLD162998,2119-01 Wellington Street Child Health Centre,Active
DoH Tasmania,Organisation,100095,South,Region,100094,Wilfred Lopes Secure Mental Health Facility (WLSMHF),Site,102215,ADEH Gatehouse,Building,101724,01. Ground Floor,Floor,101145,BLDG Structure,Structure,100563,BLD100388,0737-01 Gate House-GF,Active
DoH Tasmania,Organisation,100095,North,Region,100092,Launceston General Hospital Precinct (LGHP),Site,102143,Nelumie Flats Units 19 - 24,Building,102033,01. Ground Floor,Floor,101608,BLDG Structure,Structure,101026,BLD102499,0643-01 Nelumie Flats Units 19 - 24-GF,Active
DoH Tasmania,Organisation,100095,South,Region,100094,Royal Hobart Hospital Precinct (RHHP),Site,102125,RHH - E Block,Building,101879,03. First Floor,Floor,101355,BLDG Structure,Structure,100773,BLD102594,0119-03 E Block -L1,Active
DoH Tasmania,Organisation,100095,North,Region,100092,Launceston General Hospital Precinct (LGHP),Site,102143,THS - Administration Centre,Building,101934,04. Third Floor,Floor,101490,BLDG Structure,Structure,100908,BLD102288,2072-04 THS - Administration Centre -L3,Active
DoH Tasmania,Organisation,100095,North,Region,100092,Launceston General Hospital Precinct (LGHP),Site,102143,Spurr Wing Accommodation,Building,101973,01. Ground Floor,Floor,101522,BLDG Structure,Structure,100940,BLD102487,0224-01 Spurr Wing Accommodation-GF,Active
DoH Tasmania,Organisation,100095,South,Region,100094,Royal Hobart Hospital Precinct (RHHP),Site,102125,RHH - A Block,Building,101861,01. Basement,Floor,101398,BLDG Structure,Structure,100816,BLD102562,0114-01 A Block-B,Active
DoH Tasmania,Organisation,100095,South,Region,100094,Royal Hobart Hospital Precinct (RHHP),Site,102125,RHH - E Block,Building,101879,05. Third Floor,Floor,101335,BLDG Structure,Structure,100753,BLD102595,0119-05 E Block -L3,Active
DoH Tasmania,Organisation,100095,South,Region,100094,Royal Hobart Hospital Precinct (RHHP),Site,102125,RHH - F Block,Building,101859,08. Fifth Floor,Floor,101358,BLDG Structure,Structure,100776,BLD102606,0736-08 F Block -L5,Active
DoH Tasmania,Organisation,100095,South,Region,100094,Royal Hobart Hospital Precinct (RHHP),Site,102125,RHH - D Block,Building,101871,01. Lower Ground Floor,Floor,101315,BLDG Structure,Structure,100733,BLD102579,0118-01 D Block -LGF,Active
DoH Tasmania,Organisation,100095,North,Region,100092,Ravenswood Community Health Centre (RCHC),Site,102153,Community Health Centre,Building,101705,01. Ground Floor,Floor,101126,BLDG Structure,Structure,100544,BLD100328,0212-01 Community Health Centre-GF,Active
DoH Tasmania,Organisation,100095,South,Region,100094,Roy Fagan Centre (RFC),Site,102146,Zone 2,Building,102070,01. Ground Floor,Floor,101649,BLDG Structure,Structure,101067,BLD102513,0648-01 Zone 2-GF,Active
DoH Tasmania,Organisation,100095,North West,Region,100093,Mersey Community Hospital Precinct (MCHP),Site,102140,Oral Health Services,Building,101948,01. Ground Floor,Floor,101475,BLDG Structure,Structure,100893,BLD102461,0338-01 Oral Health Services-GF,Active
DoH Tasmania,Organisation,100095,South,Region,100094,Royal Hobart Hospital Precinct (RHHP),Site,102125,RHH - H Block,Building,101870,07. Fourth Floor,Floor,101344,BLDG Structure,Structure,100762,BLD102613,0113-07 H Block -L4,Active
DoH Tasmania,Organisation,100095,South,Region,100094,Triabunna Station (TBAS),Site,102200,Ambulance Garage,Building,101889,01. Ground Floor,Floor,101352,BLDG Structure,Structure,100770,BLD102545,0625-01 Ambulance Garage-GF,Active
DoH Tasmania,Organisation,100095,South,Region,100094,Triabunna Ambulance Residence (TBAR),Site,102198,Ambulance Residence,Building,101866,01. Ground Floor,Floor,101306,BLDG Structure,Structure,100724,BLD102353,0780-01 Ambulance Residence-GF,Active
DoH Tasmania,Organisation,100095,South,Region,100094,Royal Hobart Hospital Precinct (RHHP),Site,102125,RHH - C Block,Building,101869,02. Ground Floor,Floor,101311,BLDG Structure,Structure,100729,BLD102578,0112-02 C Block -GF,Active
DoH Tasmania,Organisation,100095,North,Region,100092,May Shaw Health Centre (MSHC),Site,102216,Aged Care Units,Building,101915,01. Ground Floor,Floor,101425,BLDG Structure,Structure,100843,BLD102644,0308-01 Aged Care Units-GF,Active
DoH Tasmania,Organisation,100095,South,Region,100094,Ronald McDonald House (RMDH),Site,102126,Ronald McDonald House,Building,101932,03. Second Floor,Floor,101476,BLDG Structure,Structure,100894,BLD102434,0779-03 Ronald McDonald House-L2,Active
DoH Tasmania,Organisation,100095,South,Region,100094,Royal Hobart Hospital Precinct (RHHP),Site,102125,RHH - C Block,Building,101869,03. First Floor,Floor,101395,BLDG Structure,Structure,100813,BLD102580,0112-03 C Block -L1,Active
DoH Tasmania,Organisation,100095,North,Region,100092,North East Soldiers Memorial Hospital (NESMH),Site,102096,Day Centre & UTAS Student Accommodation,Building,101831,01. Ground Floor,Floor,101255,BLDG Structure,Structure,100673,BLD100318,0137-01 Day Centre & UTAS Student Accommodation -GF,Active
DoH Tasmania,Organisation,100095,South,Region,100094,Royal Hobart Hospital Precinct (RHHP),Site,102125,RHH - A Block,Building,101861,08. Fifth Floor,Floor,101339,BLDG Structure,Structure,100757,BLD102569,0114-08 A Block -L5,Active
DoH Tasmania,Organisation,100095,South,Region,100094,Royal Hobart Hospital Precinct (RHHP),Site,102125,RHH - K Block,Building,101860,01. Lower Ground Floor,Floor,101386,BLDG Structure,Structure,100804,BLD102626,0988-01 K Block -LGF,Active
DoH Tasmania,Organisation,100095,North,Region,100092,Launceston General Hospital Precinct (LGHP),Site,102143,Nelumie Flats Units 7- 12,Building,102041,01. Ground Floor,Floor,101616,BLDG Structure,Structure,101034,BLD102500,0641-01 Nelumie Flats Units 7- 12-GF,Active
DoH Tasmania,Organisation,100095,North West,Region,100093,Mersey Community Hospital Precinct (MCHP),Site,102140,Residence - Units 1 & 2,Building,101925,01. Ground Floor,Floor,101439,BLDG Structure,Structure,100857,BLD102476,0776-01 Residence - Units 1 & 2-GF,Active
DoH Tasmania,Organisation,100095,South,Region,100094,Royal Hobart Hospital Precinct (RHHP),Site,102125,RHH - H Block,Building,101870,04. First Floor,Floor,101407,BLDG Structure,Structure,100825,BLD102611,0113-04 H Block -L1,Active
DoH Tasmania,Organisation,100095,South,Region,100094,Royal Hobart Hospital Precinct (RHHP),Site,102125,RHH - F Block,Building,101859,06. Third Floor,Floor,101326,BLDG Structure,Structure,100744,BLD102603,0736-06 F Block -L3,Active
DoH Tasmania,Organisation,100095,North,Region,100092,Walker House Parenting Centre (WHPC),Site,102154,Parenting Centre,Building,102081,01. Ground Floor,Floor,101662,BLDG Structure,Structure,101080,BLD102519,0227-01 Parenting Centre-GF,Active
DoH Tasmania,Organisation,100095,North,Region,100092,Launceston General Hospital Precinct (LGHP),Site,102143,Northern Community Health Centre (Integrated Care Service),Building,101919,04. Third Floor,Floor,101494,BLDG Structure,Structure,100912,BLD102291,0874-04 Northern Community Health Centre (Integrated Care Service)-L3,Active
DoH Tasmania,Organisation,100095,South,Region,100094,Royal Hobart Hospital Precinct (RHHP),Site,102125,RHH - A Block,Building,101861,12. Ninth Floor,Floor,101404,BLDG Structure,Structure,100822,BLD102577,0114-12 A Block -L9,Active
DoH Tasmania,Organisation,100095,North,Region,100092,Launceston General Hospital Precinct (LGHP),Site,102143,Launceston General Hospital,Building,101923,05. Fifth Floor,Floor,101467,BLDG Structure,Structure,100885,BLD102489,0100-05 Launceston General Hospital-L5,Active
DoH Tasmania,Organisation,100095,North,Region,100092,Other Organisations,Site,104886,Ashley Youth Detention Centre,Building,104878,01. Ground Floor,Floor,104865,BLDG Structure,Structure,104852,BLD163009,3001-01 Ashley Youth Detention Centre,Active
DoH Tasmania,Organisation,100095,North,Region,100092,Flinders Island  Doctor/Nurses' Residence (FIMPSCNR),Site,102208,Residence,Building,101881,01. Ground Floor,Floor,101338,BLDG Structure,Structure,100756,BLD102553,0236-01 Residence-GF,Active
DoH Tasmania,Organisation,100095,North,Region,100092,Launceston General Hospital Precinct (LGHP),Site,102143,THS - Administration Centre,Building,101934,03. Second Floor,Floor,101516,BLDG Structure,Structure,100934,BLD102287,2072-03 THS - Administration Centre -L2,Active
DoH Tasmania,Organisation,100095,South,Region,100094,Royal Hobart Hospital Precinct (RHHP),Site,102125,D Block - Infill building,Building,101895,01. Ground Floor,Floor,101372,BLDG Structure,Structure,100790,BLD102558,0121-01 D Block - Infill building-GF,Active
DoH Tasmania,Organisation,100095,North,Region,100092,Launceston General Hospital Precinct (LGHP),Site,102143,Launceston General Hospital,Building,101923,01. First Floor,Floor,101468,BLDG Structure,Structure,100886,BLD102484,0100-01 Launceston General Hospital-L1,Active
DoH Tasmania,Organisation,100095,North West,Region,100093,Mersey Community Hospital Precinct (MCHP),Site,102140,Residence (0517),Building,101877,01. Ground Floor,Floor,101330,BLDG Structure,Structure,100748,BLD102643,0517-01 Residence-GF,Active
DoH Tasmania,Organisation,100095,North,Region,100092,St Helens Ambulance Station (SHAS),Site,102189,Ambulance Station,Building,102006,01. Ground Floor,Floor,101580,BLDG Structure,Structure,100998,BLD102541,0257-01 Ambulance Station-GF,Active
DoH Tasmania,Organisation,100095,North,Region,100092,Deloraine District Hospital (DDH),Site,102112,Day Centre,Building,101739,01. Ground Floor,Floor,101160,BLDG Structure,Structure,100578,BLD100313,0124-01 Day Centre -GF,Active
DoH Tasmania,Organisation,100095,North,Region,100092,Deloraine District Hospital (DDH),Site,102112,Ambulance Residence,Building,101740,01. Ground Floor,Floor,101161,BLDG Structure,Structure,100579,BLD100315,0126-01 Ambulance Residence-GF,Active
DoH Tasmania,Organisation,100095,North,Region,100092,Deloraine District Hospital (DDH),Site,102112,District Hospital,Building,101741,01. Ground Floor,Floor,101162,BLDG Structure,Structure,100580,BLD100311,0123-01 District Hospital-GF,Active
DoH Tasmania,Organisation,100095,North,Region,100092,Deloraine District Hospital (DDH),Site,102112,Ambulance Station,Building,101755,01. Ground Floor,Floor,101177,BLDG Structure,Structure,100595,BLD100317,0125-01 Ambulance Station-GF,Active
DoH Tasmania,Organisation,100095,North West,Region,100093,King Island District Hospital and Community Health Centre (KIDHCHC),Site,102108,Residence (330),Building,101761,01. Ground Floor,Floor,101183,BLDG Structure,Structure,100601,BLD100350,0330-01 Residence-GF,Active
DoH Tasmania,Organisation,100095,North,Region,100092,Campbell Town Multipurpose Service Centre (CTMPSC),Site,102105,Pump house,Building,101725,01. Ground Floor,Floor,101146,BLDG Structure,Structure,100564,BLD100379,0716-01 Pump house-GF,Active
DoH Tasmania,Organisation,100095,North West,Region,100093,King Island District Hospital and Community Health Centre (KIDHCHC),Site,102108,Garage,Building,101727,01. Ground Floor,Floor,101148,BLDG Structure,Structure,100566,BLD100406,0970-01 Garage-GF,Active
DoH Tasmania,Organisation,100095,North West,Region,100093,Burnie Community Health Service (BCHS),Site,102097,Services Building,Building,101732,02. First Floor,Floor,101510,BLDG Structure,Structure,100928,BLD102383,0229-02 Services Building -L1,Active
DoH Tasmania,Organisation,100095,North,Region,100092,Beaconsfield District Health Centre (BDHC),Site,102092,Health Centre,Building,101852,02. First Floor,Floor,101501,BLDG Structure,Structure,100919,BLD102379,0132-02 Health Centre-L1,Active
DoH Tasmania,Organisation,100095,North West,Region,100093,Burnie Community Health Service (BCHS),Site,102097,Store / Workshop,Building,101729,01. Ground Floor,Floor,101150,BLDG Structure,Structure,100568,BLD100371,0706-01 Store / Workshop-GF,Active
DoH Tasmania,Organisation,100095,North,Region,100092,Campbell Town Multipurpose Service Centre (CTMPSC),Site,102105,Multipurpose Service Centre,Building,101730,01. Ground Floor,Floor,101151,BLDG Structure,Structure,100569,BLD100357,0439-01 Multipurpose Service Centre-GF,Active
DoH Tasmania,Organisation,100095,North,Region,100092,Deloraine UTAS accommodation (DDHCUA),Site,102111,Residence - UTAS,Building,101731,01. Ground Floor,Floor,101152,BLDG Structure,Structure,100570,BLD100399,0863-01 Residence - UTAS-GF,Active
DoH Tasmania,Organisation,100095,North West,Region,100093,Burnie Community Health Service (BCHS),Site,102097,Services Building,Building,101732,01. Ground Floor,Floor,101153,BLDG Structure,Structure,100571,BLD100332,0229-01 Services Building -GF,Active
DoH Tasmania,Organisation,100095,North,Region,100092,Flinders Island Multi Purpose Service Centre (FIMPSC),Site,102209,Cape Barren Island Health Centre,Building,104877,01. Ground Floor,Floor,104864,BLDG Structure,Structure,104851,BLD162996,3000-01 Cape Barren Island Health Centre-GF,Active
DoH Tasmania,Organisation,100095,North West,Region,100093,James Muir Community Health Centre (JMCHC),Site,102211,Community Health Centre,Building,101711,01. Ground Floor,Floor,101132,BLDG Structure,Structure,100550,BLD100337,0246-01 Community Health Centre-GF,Active
DoH Tasmania,Organisation,100095,North,Region,100092,Longford Community Health Centre (LFCHC),Site,102149,Community Health Centre,Building,101842,01. Ground Floor,Floor,101267,BLDG Structure,Structure,100685,BLD100391,0862-01 Community Health Centre-GF,Active
DoH Tasmania,Organisation,100095,North,Region,100092,St Mary's Community Health Centre (SMCHC),Site,102192,Child Care Centre,Building,101692,01. Ground Floor,Floor,101113,BLDG Structure,Structure,100531,BLD100339,0267-01 Child Care Centre-GF,Active
DoH Tasmania,Organisation,100095,North,Region,100092,St Mary's Community Health Centre (SMCHC),Site,102192,Residence - UTAS,Building,101693,01. Ground Floor,Floor,101114,BLDG Structure,Structure,100532,BLD100341,0266-01 Residence - UTAS-GF,Active
DoH Tasmania,Organisation,100095,North West,Region,100093,King Island District Hospital and Community Health Centre (KIDHCHC),Site,102108,District Hospital,Building,101734,01. Ground Floor,Floor,101155,BLDG Structure,Structure,100573,BLD100348,0332-01 District Hospital -GF,Active
DoH Tasmania,Organisation,100095,North,Region,100092,Westbury Community Health Centre (WCHC),Site,102207,Garage,Building,101712,01. Ground Floor,Floor,101133,BLDG Structure,Structure,100551,BLD100385,0753-01 Garage-GF,Active
DoH Tasmania,Organisation,100095,North West,Region,100093,King Island District Hospital and Community Health Centre (KIDHCHC),Site,102108,Residence (329),Building,101735,01. Ground Floor,Floor,101156,BLDG Structure,Structure,100574,BLD100347,0329-01 Residence-GF,Active
DoH Tasmania,Organisation,100095,North West,Region,100093,King Island - Residence complex (KIDHR),Site,102218,Unit 1,Building,101835,01. Ground Floor,Floor,101260,BLDG Structure,Structure,100678,BLD100417,2087-01 Unit 1-GF,Active
DoH Tasmania,Organisation,100095,North West,Region,100093,Devonport Community Health Centre (DCHC),Site,102113,Community Health Centre,Building,101746,02. First Floor,Floor,101499,BLDG Structure,Structure,100917,BLD102409,0140-02 Community Health Centre -L1,Active
DoH Tasmania,Organisation,100095,North West,Region,100093,King Island - Residence complex (KIDHR),Site,102218,Unit 5,Building,101836,01. Ground Floor,Floor,101261,BLDG Structure,Structure,100679,BLD100414,2091-01 Unit 5-GF,Active
DoH Tasmania,Organisation,100095,North,Region,100092,Beaconsfield District Health Centre (BDHC),Site,102092,Health Centre,Building,101852,01. Ground Floor,Floor,101290,BLDG Structure,Structure,100708,BLD100316,0132-01 Health Centre -GF,Active
DoH Tasmania,Organisation,100095,North West,Region,100093,King Island District Hospital and Community Health Centre (KIDHCHC),Site,102108,District Hospital Services Building,Building,101682,01. Ground Floor,Floor,101169,BLDG Structure,Structure,100587,BLD100233,0333-01 District Hospital  Services Building-GF,Active
DoH Tasmania,Organisation,100095,North,Region,100092,Campbell Town Ambulance Station (CTMPSCAS),Site,102103,Ambulance Residence,Building,101742,01. Ground Floor,Floor,101163,BLDG Structure,Structure,100581,BLD100408,2004-01 Ambulance Residence-GF,Active
DoH Tasmania,Organisation,100095,North,Region,100092,Beaconsfield District Health Centre (BDHC),Site,102092,Nurses Home,Building,101743,02. First Floor,Floor,101569,BLDG Structure,Structure,100987,BLD102380,0133-02 Nurses Home -L1,Active
DoH Tasmania,Organisation,100095,North,Region,100092,St Mary's Community Health Centre (SMCHC),Site,102192,Store / Workshop,Building,101715,01. Ground Floor,Floor,101136,BLDG Structure,Structure,100554,BLD100340,0268-01 Store / Workshop-GF,Active
DoH Tasmania,Organisation,100095,North,Region,100092,Beaconsfield District Health Centre (BDHC),Site,102092,Nurses Home,Building,101743,01. Ground Floor,Floor,101164,BLDG Structure,Structure,100582,BLD100314,0133-01 Nurses Home -GF,Active
DoH Tasmania,Organisation,100095,North West,Region,100093,Central Coast Community Health Centre (CCCHC),Site,102206,Community Health Centre,Building,101713,02. First Floor,Floor,101394,BLDG Structure,Structure,100812,BLD102549,0222-02 Community Health Centre-L1,Active
DoH Tasmania,Organisation,100095,North West,Region,100093,King Island - Residence complex (KIDHR),Site,102218,Unit 2,Building,101837,01. Ground Floor,Floor,101262,BLDG Structure,Structure,100680,BLD100416,2088-01 Unit 2-GF,Active
DoH Tasmania,Organisation,100095,North,Region,100092,Beaconsfield District Health Centre (BDHC),Site,102092,Garage & Workshop,Building,101747,01. Ground Floor,Floor,101168,BLDG Structure,Structure,100586,BLD100383,0723-01 Garage & Workshop-GF,Active
DoH Tasmania,Organisation,100095,North,Region,100092,Campbell Town Multipurpose Service Centre (CTMPSC),Site,102105,Store / Workshop,Building,101748,01. Ground Floor,Floor,101170,BLDG Structure,Structure,100588,BLD100295,0041-01 Store / Workshop-GF,Active
DoH Tasmania,Organisation,100095,North,Region,100092,Campbell Town Multipurpose Service Centre (CTMPSC),Site,102105,MPSC - (old Ambulance station),Building,101920,01. Ground Floor,Floor,101434,BLDG Structure,Structure,100852,BLD102394,0240-01 Old Ambulance station-GF,Active
DoH Tasmania,Organisation,100095,North,Region,100092,Beaconsfield District Health Centre (BDHC),Site,102092,Admin & Allied Health,Building,101750,01. Ground Floor,Floor,101172,BLDG Structure,Structure,100590,BLD100320,0134-01 Admin & Allied Health -GF,Active
DoH Tasmania,Organisation,100095,North West,Region,100093,King Island District Hospital and Community Health Centre (KIDHCHC),Site,102108,Residence (331),Building,101751,01. Ground Floor,Floor,101173,BLDG Structure,Structure,100591,BLD100343,0331-01 Residence-GF,Active
DoH Tasmania,Organisation,100095,North,Region,100092,Westbury Community Health Centre (WCHC),Site,102207,Community Health Centre,Building,101717,01. Ground Floor,Floor,101138,BLDG Structure,Structure,100556,BLD100345,0325-01 Community Health Centre-GF,Active
DoH Tasmania,Organisation,100095,North West,Region,100093,King Island - Residence complex (KIDHR),Site,102218,Shed,Building,101857,02. Ground Floor,Floor,101297,BLDG Structure,Structure,100715,BLD102376,2086-02 Shed -GF,Active
DoH Tasmania,Organisation,100095,North,Region,100092,Kings Meadows Community Health Centre (KMCHC),Site,102137,Joan Marshall Building,Building,101697,01. Ground Floor,Floor,101118,BLDG Structure,Structure,100536,BLD100331,0214-01 Joan Marshall Building-GF,Active
DoH Tasmania,Organisation,100095,North,Region,100092,Westbury Community Health Centre (WCHC),Site,102207,Shed,Building,101719,01. Ground Floor,Floor,101140,BLDG Structure,Structure,100558,BLD100384,0755-01 Shed-GF,Active
DoH Tasmania,Organisation,100095,North,Region,100092,Kings Meadows Community Health Centre (KMCHC),Site,102137,Community Health Centre,Building,101681,01. Lower Ground Floor,Floor,101102,BLDG Structure,Structure,100520,BLD100329,0213-01 Community Health Centre-LGF,Active
DoH Tasmania,Organisation,100095,North,Region,100092,Kings Meadows Community Health Centre (KMCHC),Site,102137,Community Health Centre,Building,101681,02. Ground Floor,Floor,101444,BLDG Structure,Structure,100862,BLD102456,0213-02 Community Health Centre-GF,Active
DoH Tasmania,Organisation,100095,North,Region,100092,St Mary's Community Health Centre (SMCHC),Site,102192,Stores Building,Building,101720,01. Ground Floor,Floor,101141,BLDG Structure,Structure,100559,BLD100333,0265-01 Stores Building -GF,Active
DoH Tasmania,Organisation,100095,North West,Region,100093,King Island - Residence complex (KIDHR),Site,102218,Unit 4 - carport,Building,101856,02. Ground Floor,Floor,101296,BLDG Structure,Structure,100714,BLD102377,2090-02 Unit 4 - carport -GF,Active
DoH Tasmania,Organisation,100095,North,Region,100092,Beaconsfield District Health Centre (BDHC),Site,102092,Generator Room,Building,101759,01. Ground Floor,Floor,101181,BLDG Structure,Structure,100599,BLD100381,0724-01 Generator Room-GF,Active
DoH Tasmania,Organisation,100095,North,Region,100092,Beaconsfield District Health Centre (BDHC),Site,102092,Ambulance Garage,Building,101760,01. Ground Floor,Floor,101182,BLDG Structure,Structure,100600,BLD100319,0135-01 Ambulance Garage-GF,Active
DoH Tasmania,Organisation,100095,North,Region,100092,Northern Dental Health Centre (NDHC),Site,102142,Oral Health Services,Building,101935,03. Second Floor,Floor,101480,BLDG Structure,Structure,100898,BLD102480,2019-03 Oral Health Services-L2,Active
DoH Tasmania,Organisation,100095,North West,Region,100093,Devonport Community Health Centre (DCHC),Site,102113,Community Health Centre,Building,101746,03. Second Floor,Floor,101534,BLDG Structure,Structure,100952,BLD102407,0140-03 Community Health Centre -L2,Active
DoH Tasmania,Organisation,100095,North,Region,100092,Campbell Town Multipurpose Service Centre (CTMPSC),Site,102105,MPSC - (old Ambulance residence),Building,101763,01. Ground Floor,Floor,101185,BLDG Structure,Structure,100603,BLD100335,0241-01 MPSC - (old Ambulance residence)-GF,Active
DoH Tasmania,Organisation,100095,North West,Region,100093,King Island - Residence complex (KIDHR),Site,102218,Unit 4,Building,101838,01. Ground Floor,Floor,101263,BLDG Structure,Structure,100681,BLD100419,2090-01 Unit 4-GF,Active
DoH Tasmania,Organisation,100095,North West,Region,100093,King Island District Hospital and Community Health Centre (KIDHCHC),Site,102108,Aged Care Units,Building,101764,01. Ground Floor,Floor,101186,BLDG Structure,Structure,100604,BLD100238,2007-01 Aged Care Units-GF,Active
DoH Tasmania,Organisation,100095,North,Region,100092,St Helens District Hospital (SHDH),Site,102190,Unit 2/3,Building,101898,01. Ground Floor,Floor,101371,BLDG Structure,Structure,100789,BLD102351,0883-01 Unit 2 -GF,Active
DoH Tasmania,Organisation,100095,North,Region,100092,Campbell Town Multipurpose Service Centre (CTMPSC),Site,102105,Nurses Home,Building,101766,01. Ground Floor,Floor,101188,BLDG Structure,Structure,100606,BLD100300,0039-01 Nurses Home-GF,Active
DoH Tasmania,Organisation,100095,North West,Region,100093,King Island District Hospital and Community Health Centre (KIDHCHC),Site,102108,Residential Units,Building,101926,01. Ground Floor,Floor,101440,BLDG Structure,Structure,100858,BLD102406,0335-01 Residential Units-GF,Active
DoH Tasmania,Organisation,100095,North,Region,100092,George Town Hospital Precinct (GTHP),Site,102117,District Hospital,Building,101769,01. Ground Floor,Floor,101191,BLDG Structure,Structure,100609,BLD100336,0254-01 District Hospital-GF,Active
DoH Tasmania,Organisation,100095,North West,Region,100093,King Island - Residence complex (KIDHR),Site,102218,Unit 3,Building,101839,01. Ground Floor,Floor,101264,BLDG Structure,Structure,100682,BLD100415,2089-01 Unit 3-GF,Active
DoH Tasmania,Organisation,100095,North West,Region,100093,King Island - Residence complex (KIDHR),Site,102218,Unit 6,Building,101840,01. Ground Floor,Floor,101265,BLDG Structure,Structure,100683,BLD100418,2092-01 Unit 6-GF,Active
DoH Tasmania,Organisation,100095,North West,Region,100093,King Island District Hospital and Community Health Centre (KIDHCHC),Site,102108,Staff Residence (UTAS),Building,101770,01. Ground Floor,Floor,101192,BLDG Structure,Structure,100610,BLD100392,0856-01 Staff Residence (UTAS)-GF,Active
DoH Tasmania,Organisation,100095,North,Region,100092,St Mary's Community Health Centre (SMCHC),Site,102192,Community Health Centre,Building,101678,01. Lower Ground Floor,Floor,101098,BLDG Structure,Structure,100516,BLD100338,0264-01 Community Health Centre-LGF,Active
DoH Tasmania,Organisation,100095,North West,Region,100093,King Island - Residence complex (KIDHR),Site,102218,Main Building,Building,101841,01. Ground Floor,Floor,101266,BLDG Structure,Structure,100684,BLD100413,2086-01 Main Building -GF,Active
DoH Tasmania,Organisation,100095,North,Region,100092,Campbell Town Ambulance Station (CTMPSCAS),Site,102103,Ambulance Station,Building,101773,01. Ground Floor,Floor,101195,BLDG Structure,Structure,100613,BLD100410,2061-01 Ambulance Station-GF,Active
DoH Tasmania,Organisation,100095,North West,Region,100093,King Island District Hospital and Community Health Centre (KIDHCHC),Site,102108,Residence (0334),Building,101775,01. Ground Floor,Floor,101197,BLDG Structure,Structure,100615,BLD100351,0334-01 Residence-GF,Active
DoH Tasmania,Organisation,100095,North West,Region,100093,King Island - Residence complex (KIDHR),Site,102218,Unit 5 - carport,Building,101854,02. Ground Floor,Floor,101292,BLDG Structure,Structure,100710,BLD102378,2091-02 Unit 5 - carport -GF,Active
DoH Tasmania,Organisation,100095,North,Region,100092,St Mary's Community Health Centre (SMCHC),Site,102192,Community Health Centre,Building,101678,02. Ground Floor,Floor,101331,BLDG Structure,Structure,100749,BLD102542,0264-02 Community Health Centre-GF,Active
DoH Tasmania,Organisation,100095,North West,Region,100093,Serenity House Drug and Alcohol Centre (STYH),Site,102194,Alcohol & Drugs Service,Building,101878,02. First Floor,Floor,101333,BLDG Structure,Structure,100751,BLD102544,0223-02 Alcohol & Drugs Service -L1,Active
DoH Tasmania,Organisation,100095,South,Region,100094,Clare House MHS (CHMHS),Site,102162,Consulting rooms,Building,102058,02. First Floor,Floor,101637,BLDG Structure,Structure,101055,BLD102318,0005-02 Consulting rooms -L1,Active
DoH Tasmania,Organisation,100095,North West,Region,100093,Strahan Medical Centre (SMC),Site,102193,Residence,Building,101709,01. Ground Floor,Floor,101130,BLDG Structure,Structure,100548,BLD100374,0694-01 Residence-GF,Active
DoH Tasmania,Organisation,100095,North West,Region,100093,West Coast District Hospital (WCDH),Site,102176,Maintenance Shed,Building,101782,01. Ground Floor,Floor,101204,BLDG Structure,Structure,100622,BLD100380,0721-01 Maintenance Shed-GF,Active
DoH Tasmania,Organisation,100095,South,Region,100094,Other Organisations,Site,104887,Hobart Reception Prison,Building,104883,01. Ground Floor,Floor,104870,BLDG Structure,Structure,104857,BLD163002,3006-01 Hobart Reception Prison,Active
DoH Tasmania,Organisation,100095,South,Region,100094,Cambridge Kitchen Facility (CKF),Site,104777,Storage Container No.2,Building,104784,01. Ground Floor,Floor,104796,BLDG Structure,Structure,104823,BLD162972,2108-01 Storage Container No.2,Active
DoH Tasmania,Organisation,100095,North West,Region,100093,North West Regional Parenting Centre (NWRHPC),Site,102098,Parenting Centre (0230),Building,101980,01. Ground Floor,Floor,101542,BLDG Structure,Structure,100960,BLD102272,0230-01 Parenting Centre-GF,Active
DoH Tasmania,Organisation,100095,North West,Region,100093,North West Regional Hospital Precinct (NWRHP),Site,102107,Residence - Unit 9 & 10,Building,101958,01. Ground Floor,Floor,101497,BLDG Structure,Structure,100915,BLD102400,0786-01 Residence - Unit 9 & 10,Active
DoH Tasmania,Organisation,100095,South,Region,100094,Lauderdale Child Health Clinic (LCHC),Site,102141,Child Health Centre,Building,101968,01. Ground Floor,Floor,101517,BLDG Structure,Structure,100935,BLD102483,0443-01 Child Health Centre-GF,Active
DoH Tasmania,Organisation,100095,North West,Region,100093,Strahan Medical Centre (SMC),Site,102193,Strahan Medical Centre,Building,101691,01. Ground Floor,Floor,101112,BLDG Structure,Structure,100530,BLD100327,0199-01 Strahan Medical Centre-GF,Active
DoH Tasmania,Organisation,100095,South,Region,100094,Lindisfarne Child Health Centre (LINDCHC),Site,102148,Child Health Centre,Building,102029,01. Ground Floor,Floor,101604,BLDG Structure,Structure,101022,BLD102517,0311-01 Child Health Centre-GF,Active
DoH Tasmania,Organisation,100095,South,Region,100094,Eureka Clubhouse (ECH),Site,102152,Day Centre,Building,102089,01. Ground Floor,Floor,101672,BLDG Structure,Structure,101090,BLD102307,0612-01 Day Centre -GF,Active
DoH Tasmania,Organisation,100095,South,Region,100094,Bothwell Medical Centre (BMC),Site,102093,Ambulance Garage,Building,101975,01. Ground Floor,Floor,101525,BLDG Structure,Structure,100943,BLD102271,0728-01 Ambulance Garage-GF,Active
DoH Tasmania,Organisation,100095,North West,Region,100093,Tullah Ambulance Station (TAS),Site,102201,Ambulance Station,Building,101883,01. Ground Floor,Floor,101342,BLDG Structure,Structure,100760,BLD102547,0626-01 Ambulance Station-GF,Active
DoH Tasmania,Organisation,100095,North West,Region,100093,Serenity House Drug and Alcohol Centre (STYH),Site,102194,Alcohol & Drugs Service,Building,101878,01. Ground Floor,Floor,101418,BLDG Structure,Structure,100836,BLD102543,0223-01 Alcohol & Drugs Service -GF,Active
DoH Tasmania,Organisation,100095,South,Region,100094,Roy Fagan Centre (RFC),Site,102146,Zone 1,Building,102027,01. Ground Floor,Floor,101602,BLDG Structure,Structure,101020,BLD102512,0552-01 Zone 1 -GF,Active
DoH Tasmania,Organisation,100095,North West,Region,100093,Smithton Oral Health Services (SOHS),Site,102184,Oral Health Services,Building,102064,01. Ground Floor,Floor,101643,BLDG Structure,Structure,101061,BLD102538,2078-01 Oral Health Services-GF,Active
DoH Tasmania,Organisation,100095,North West,Region,100093,North West Regional Hospital Precinct (NWRHP),Site,102107,Respiratory Clinic,Building,104778,01. Ground Floor,Floor,104789,BLDG Structure,Structure,104816,BLD162967,2101-01 Respiratory Clicnic,Active
DoH Tasmania,Organisation,100095,South,Region,100094,Peacock Centre MHS (PCMHS),Site,102217,Peacock Centre  - New build,Building,101851,02. First Floor,Floor,101279,BLDG Structure,Structure,100697,BLD100241,2081-02 Peacock Centre  - New build-L1,Active
DoH Tasmania,Organisation,100095,South,Region,100094,Repat Centre (RPTC),Site,102127,Statton Building,Building,101737,01. Ground Floor,Floor,101158,BLDG Structure,Structure,100576,BLD100372,0662-01 Statton Building-GF,Active
DoH Tasmania,Organisation,100095,North West,Region,100093,Zeehan Ambulance Station (ZAS),Site,102214,Residence,Building,101873,01. Ground Floor,Floor,101319,BLDG Structure,Structure,100737,BLD102557,0203-01 Residence-GF,Active
DoH Tasmania,Organisation,100095,South,Region,100094,Glenora (GLA),Site,102131,Store / Workshop,Building,101942,01. Ground Floor,Floor,101469,BLDG Structure,Structure,100887,BLD102451,2071-01 Store / Workshop-GF,Active
DoH Tasmania,Organisation,100095,South,Region,100094,Glenora (GLA),Site,102131,Glenora,Building,101954,01. Ground Floor,Floor,101527,BLDG Structure,Structure,100945,BLD102447,2070-01 Glenora-GF,Active
DoH Tasmania,Organisation,100095,South,Region,100094,Dodges Ferry Ambulance Station (DFAS),Site,102115,Ambulance Station,Building,101970,01. Ground Floor,Floor,101519,BLDG Structure,Structure,100937,BLD102277,0803-01 Ambulance Station -GF,Active
DoH Tasmania,Organisation,100095,North West,Region,100093,Rosebery Community Health Centre (RBCHC),Site,102179,Nurses Home,Building,101800,01. Ground Floor,Floor,101222,BLDG Structure,Structure,100640,BLD100323,0184-01 Nurses Home-GF,Active
DoH Tasmania,Organisation,100095,South,Region,100094,Cambridge Kitchen Facility (CKF),Site,104777,Storage Container No.3,Building,104785,01. Ground Floor,Floor,104797,BLDG Structure,Structure,104824,BLD162975,2109-01 Storage Container No.3,Active
DoH Tasmania,Organisation,100095,South,Region,100094,Cambridge Kitchen Facility (CKF),Site,104777,Storage Container No.6,Building,104788,01. Ground Floor,Floor,104800,BLDG Structure,Structure,104827,BLD162980,2112-01 Storage Container No.6,Active
DoH Tasmania,Organisation,100095,North West,Region,100093,Zeehan Ambulance Station (ZAS),Site,102214,Ambulance Garage,Building,101918,01. Ground Floor,Floor,101431,BLDG Structure,Structure,100849,BLD102358,0201-01 Ambulance Garage-GF,Active
DoH Tasmania,Organisation,100095,North West,Region,100093,Smithton District Hospital Precinct (SDHP),Site,102185,Ambulance Station,Building,102039,01. Ground Floor,Floor,101614,BLDG Structure,Structure,101032,BLD102539,0097-01 Ambulance Station,Active
DoH Tasmania,Organisation,100095,South,Region,100094,Howrah Child Health Centre (HCHC),Site,102133,Child Health Centre,Building,101986,01. Ground Floor,Floor,101551,BLDG Structure,Structure,100969,BLD102453,0116-01 Child Health Centre-GF,Active
DoH Tasmania,Organisation,100095,South,Region,100094,Ronald McDonald House (RMDH),Site,102126,Ronald McDonald House,Building,101932,01. Ground Floor,Floor,101449,BLDG Structure,Structure,100867,BLD102431,0779-01 Ronald McDonald House-GF,Active
DoH Tasmania,Organisation,100095,South,Region,100094,Repat Centre (RPTC),Site,102127,Store / Workshop,Building,101744,01. Ground Floor,Floor,101165,BLDG Structure,Structure,100583,BLD100373,0711-01 Store / Workshop-GF,Active
DoH Tasmania,Organisation,100095,South,Region,100094,Bridgewater - Oral Health Clinic (BOHC),Site,102095,Oral Health Services,Building,101987,01. Ground Floor,Floor,101552,BLDG Structure,Structure,100970,BLD102382,0163-01 Oral Health Services-GF,Active
DoH Tasmania,Organisation,100095,North West,Region,100093,Queenstown UTAS Student Accommodation (QTUA),Site,102175,Student Accommodation,Building,102017,01. Ground Floor,Floor,101591,BLDG Structure,Structure,101009,BLD102332,0192-01 Student Accommodation-GF,Active
DoH Tasmania,Organisation,100095,South,Region,100094,Nubeena Ambulance Station (NAS),Site,102165,Residence,Building,102069,01. Ground Floor,Floor,101648,BLDG Structure,Structure,101066,BLD102320,0778-01 Residence -GF,Active
DoH Tasmania,Organisation,100095,North West,Region,100093,Sheffield Ambulance Station (SHFAS),Site,102183,Residence,Building,102005,01. Ground Floor,Floor,101579,BLDG Structure,Structure,100997,BLD102344,0680-01 Residence-GF,Active
DoH Tasmania,Organisation,100095,North West,Region,100093,Queenstown Ambulance Station (QTAS),Site,102172,Ambulance Station,Building,102083,01. Ground Floor,Floor,101666,BLDG Structure,Structure,101084,BLD102324,2033-01 Ambulance Station -GF,Active
DoH Tasmania,Organisation,100095,North West,Region,100093,North West Regional Parenting Centre (NWRHPC),Site,102098,Parenting Centre (0231),Building,101993,01. Ground Floor,Floor,101558,BLDG Structure,Structure,100976,BLD102273,0231-01 Parenting Centre -GF,Active
DoH Tasmania,Organisation,100095,South,Region,100094,Coles Bay Ambulance Garage (CBAG),Site,102106,Ambulance Garage,Building,101982,01. Ground Floor,Floor,101544,BLDG Structure,Structure,100962,BLD102276,0751-01 Ambulance Garage-GF,Active
DoH Tasmania,Organisation,100095,North West,Region,100093,Oldaker St Clinic MHS (OSCMHS),Site,102114,Mental Health Services,Building,101984,01. Ground Floor,Floor,101549,BLDG Structure,Structure,100967,BLD102408,0575-01 Mental Health Services-GF,Active
DoH Tasmania,Organisation,100095,North West,Region,100093,Ulverstone Child Health Centre (UCHC),Site,102204,Child Health Centre,Building,101912,01. Ground Floor,Floor,101411,BLDG Structure,Structure,100829,BLD102551,0221-01 Child Health Centre-GF,Active
DoH Tasmania,Organisation,100095,North West,Region,100093,West Coast District Hospital (WCDH),Site,102176,District Hospital,Building,101806,01. Ground Floor,Floor,101229,BLDG Structure,Structure,100647,BLD100365,0591-01 District Hospital-GF,Active
DoH Tasmania,Organisation,100095,North West,Region,100093,North West Regional Hospital Precinct (NWRHP),Site,102107,Patient Accommodation  3 x studios (conjoined),Building,104939,Ground Floor,Floor,104945,BLDG Structure,Structure,104951,BLD112041,2100-01 Patient Accommodation 2 x 3 studios (conjoined),Active
DoH Tasmania,Organisation,100095,North West,Region,100093,Ulverstone Ambulance Station (UAS),Site,102203,Ambulance Station,Building,101908,01. Ground Floor,Floor,101406,BLDG Structure,Structure,100824,BLD102552,0142-01 Ambulance Station-GF,Active
DoH Tasmania,Organisation,100095,South,Region,100094,Repat Centre (RPTC),Site,102127,Services Building,Building,101752,02. Roof,Floor,104805,BLDG Structure,Structure,104832,BLD162982,0349-02 Services Building-RF,Active
DoH Tasmania,Organisation,100095,South,Region,100094,Repat Centre (RPTC),Site,102127,Services Building,Building,101752,01. Ground Floor,Floor,101174,BLDG Structure,Structure,100592,BLD100355,0349-01 Services Building -GF,Active
DoH Tasmania,Organisation,100095,North West,Region,100093,Zeehan Ambulance Station (ZAS),Site,102214,Ambulance Station,Building,101892,01. Ground Floor,Floor,101356,BLDG Structure,Structure,100774,BLD102555,0202-01 Ambulance Station -GF,Active
DoH Tasmania,Organisation,100095,South,Region,100094,Repat Centre (RPTC),Site,102127,Southern Community Equipment Scheme Building,Building,101753,01. Ground Floor,Floor,101175,BLDG Structure,Structure,100593,BLD100356,0348-01 Southern Community Equipment Scheme Building-GF,Active
DoH Tasmania,Organisation,100095,South,Region,100094,Cambridge Kitchen Facility (CKF),Site,104777,Storage Container No.1,Building,104783,01. Ground Floor,Floor,104795,BLDG Structure,Structure,104822,BLD162973,2107-01 Storage Container No.1,Active
DoH Tasmania,Organisation,100095,North West,Region,100093,Zeehan Residence (ZSR),Site,102213,Residence (Unit 5),Building,101906,01. Ground Floor,Floor,101403,BLDG Structure,Structure,100821,BLD102357,2054-01 Residence (Unit 5)-GF,Active
DoH Tasmania,Organisation,100095,North West,Region,100093,Smithton District Hospital Precinct (SDHP),Site,102185,Residence,Building,102004,01. Ground Floor,Floor,101578,BLDG Structure,Structure,100996,BLD102347,2079-01 Residence-GF,Active
DoH Tasmania,Organisation,100095,South,Region,100094,Cambridge Kitchen Facility (CKF),Site,104777,Storage Container No.5,Building,104787,01. Ground Floor,Floor,104799,BLDG Structure,Structure,104826,BLD162981,2111-01 Storage Container No.5,Active
DoH Tasmania,Organisation,100095,South,Region,100094,Repat Centre (RPTC),Site,102127,Peacock Building,Building,101679,01. Lower Ground Floor,Floor,101099,BLDG Structure,Structure,100517,BLD100354,0346-01 Peacock Building-LGF,Active
DoH Tasmania,Organisation,100095,North West,Region,100093,North West Regional Hospital Precinct (NWRHP),Site,102107,Residence - Unit 5 & 6,Building,101965,01. Ground Floor,Floor,101509,BLDG Structure,Structure,100927,BLD102395,0784-01 Residence - Unit 5 & 6,Active
DoH Tasmania,Organisation,100095,South,Region,100094,Glenora (GLA),Site,102131,Child Care Centre,Building,101974,01. Ground Floor,Floor,101523,BLDG Structure,Structure,100941,BLD102449,2069-01 Child Care Centre-GF,Active
DoH Tasmania,Organisation,100095,North West,Region,100093,Sheffield Ambulance Station (SHFAS),Site,102183,Ambulance Station,Building,102056,01. Ground Floor,Floor,101634,BLDG Structure,Structure,101052,BLD102342,0679-01 Ambulance Station -GF,Active
DoH Tasmania,Organisation,100095,South,Region,100094,Midlands Multi Purpose Health Centre (MMPHC),Site,102169,Southern Midlands Rural Health Training Site,Building,104875,01. Ground Floor,Floor,104862,BLDG Structure,Structure,104849,BLD162997,2120-01 Southern Midlands Rural Health Training Site,Active
DoH Tasmania,Organisation,100095,South,Region,100094,North Hobart Child Health Centre (NHCHC),Site,102164,Child Health Centre,Building,101847,01. Ground Floor,Floor,101272,BLDG Structure,Structure,100690,BLD100246,0300-01 Child Health Centre-GF,Active
DoH Tasmania,Organisation,100095,South,Region,100094,Nubeena Ambulance Station (NAS),Site,102165,Ambulance Station,Building,102038,01. Ground Floor,Floor,101613,BLDG Structure,Structure,101031,BLD102315,0887-01 Ambulance Station-GF,Active
DoH Tasmania,Organisation,100095,South,Region,100094,Cambridge Kitchen Facility (CKF),Site,104777,Storage Container No.4,Building,104786,01. Ground Floor,Floor,104798,BLDG Structure,Structure,104825,BLD162976,2110-01 Storage Container No.4,Active
DoH Tasmania,Organisation,100095,South,Region,100094,Huonville Ambulance Station (HAS),Site,102134,Ambulance Station,Building,101966,01. Ground Floor,Floor,101514,BLDG Structure,Structure,100932,BLD102454,0018-01 Ambulance Station-GF,Active
DoH Tasmania,Organisation,100095,South,Region,100094,Moonah Child Health Centre (MCHC),Site,104775,Moonah Child Health Centre,Building,104776,01. Ground Floor,Floor,104793,BLDG Structure,Structure,104820,BLD162993,2116-01 Moonah Child Health Centre,Active
DoH Tasmania,Organisation,100095,South,Region,100094,Bruny Island Community Health Centre Precinct (BICHCP),Site,102090,Ambulance Station,Building,101758,01. Ground Floor,Floor,101180,BLDG Structure,Structure,100598,BLD100366,0604-01 Ambulance Station -GF,Active
DoH Tasmania,Organisation,100095,North West,Region,100093,North West Regional Hospital Precinct (NWRHP),Site,102107,Major Hospital,Building,101989,04. Roof,Floor,104802,BLDG Structure,Structure,104829,BLD162978,0272-04 Major Hospital-RF,Active
DoH Tasmania,Organisation,100095,South,Region,100094,Oatlands THS staff residence (OTSR),Site,102168,Residence,Building,102028,01. Ground Floor,Floor,101603,BLDG Structure,Structure,101021,BLD102323,0882-01 Residence-GF,Active
DoH Tasmania,Organisation,100095,North West,Region,100093,Strahan Medical Centre (SMC),Site,102193,Ambulance Garage,Building,101721,01. Ground Floor,Floor,101142,BLDG Structure,Structure,100560,BLD100369,0609-01 Ambulance Garage-GF,Active
DoH Tasmania,Organisation,100095,South,Region,100094,Cambridge Kitchen Facility (CKF),Site,104777,Cambridge Kitchen,Building,104876,01. Ground Floor,Floor,104863,BLDG Structure,Structure,104850,BLD163007,2106-01 Cambridge Kitchen,Active
DoH Tasmania,Organisation,100095,North West,Region,100093,North West Regional Hospital Precinct (NWRHP),Site,102107,Patient Accommodation 1x 2 bedroom units,Building,101997,01. Ground Floor,Floor,101568,BLDG Structure,Structure,100986,BLD102403,0867-01 Patient Accommodation 1x 2 bedroom units-GF,Active
DoH Tasmania,Organisation,100095,South,Region,100094,Huonville Ambulance Station (HAS),Site,102134,Ambulance Residence,Building,101956,01. Ground Floor,Floor,101493,BLDG Structure,Structure,100911,BLD102281,0019-01 Ambulance Residence-GF,Active
DoH Tasmania,Organisation,100095,North West,Region,100093,North West Regional Hospital Precinct (NWRHP),Site,102107,Residence - Unit 1 & 2,Building,101938,01. Ground Floor,Floor,101461,BLDG Structure,Structure,100879,BLD102401,0782-01 Residence - Unit 1 & 2,Active
DoH Tasmania,Organisation,100095,North West,Region,100093,Ulverstone - Oral Health Clinic (UOHC),Site,102202,Oral Health Services,Building,101862,01. Ground Floor,Floor,101302,BLDG Structure,Structure,100720,BLD102548,0340-01 Oral Health Services-GF,Active
DoH Tasmania,Organisation,100095,South,Region,100094,Clare House MHS (CHMHS),Site,102162,Administration offices (0005),Building,102031,01. Ground Floor,Floor,101606,BLDG Structure,Structure,101024,BLD102316,0005-01 Administration offices-GF,Active
DoH Tasmania,Organisation,100095,North West,Region,100093,Queenstown Ambulance Residence (QTAR),Site,102173,Residence,Building,102043,01. Ground Floor,Floor,101619,BLDG Structure,Structure,101037,BLD102333,0191-01 Residence-GF,Active
DoH Tasmania,Organisation,100095,South,Region,100094,Clare House MHS (CHMHS),Site,102162,Administration offices (0937),Building,102048,01. Ground Floor,Floor,101624,BLDG Structure,Structure,101042,BLD102319,0937-01 Administration offices-GF,Active
DoH Tasmania,Organisation,100095,South,Region,100094,Glenorchy Health Centre (GHC),Site,102121,Community Health Centre,Building,101774,04. Roof,Floor,104803,BLDG Structure,Structure,104830,BLD162994,0929-04 Community Health Centre-RF,Active
DoH Tasmania,Organisation,100095,North West,Region,100093,West Coast District Hospital (WCDH),Site,102176,Gaiety Hall,Building,101824,01. Ground Floor,Floor,101247,BLDG Structure,Structure,100665,BLD100364,0590-01 Gaiety Hall-GF,Active
DoH Tasmania,Organisation,100095,North West,Region,100093,Queenstown THS  Staff Accommodation (QTSA),Site,102174,Residence,Building,102051,01. Ground Floor,Floor,101629,BLDG Structure,Structure,101047,BLD102536,0194-01 Residence-GF,Active
DoH Tasmania,Organisation,100095,South,Region,100094,Repat Centre (RPTC),Site,102127,Health Physics Calibration Office & Incinerator Shed,Building,101768,01. Ground Floor,Floor,101190,BLDG Structure,Structure,100608,BLD100234,0350-01 Health Physics Calibration Office & Incinerator Shed -GF,Active
DoH Tasmania,Organisation,100095,North West,Region,100093,North West Regional Hospital Precinct (NWRHP),Site,102107,Residence - Unit 11 & 12,Building,101972,01. Ground Floor,Floor,101521,BLDG Structure,Structure,100939,BLD102399,0787-01 Residence - Unit 11 & 12,Active
DoH Tasmania,Organisation,100095,North West,Region,100093,Zeehan Ambulance Residence (ZAR),Site,102212,Residence,Building,101905,01. Ground Floor,Floor,101393,BLDG Structure,Structure,100811,BLD102556,0627-01 Residence-GF,Active
DoH Tasmania,Organisation,100095,South,Region,100094,Dover Ambulance Garage (DAG),Site,102116,Ambulance Garage,Building,101924,01. Ground Floor,Floor,101438,BLDG Structure,Structure,100856,BLD102278,2011-01 Ambulance Garage-GF,Active
DoH Tasmania,Organisation,100095,North West,Region,100093,North West Regional Hospital Precinct (NWRHP),Site,102107,Paint Shed ,Building,104781,01. Ground Floor,Floor,104792,BLDG Structure,Structure,104819,BLD162992,2104-01 Paint Shed,Active
DoH Tasmania,Organisation,100095,North West,Region,100093,North West Regional Hospital Precinct (NWRHP),Site,102107,Residence - Unit 7 & 8,Building,101931,01. Ground Floor,Floor,101448,BLDG Structure,Structure,100866,BLD102398,0785-01 Residence - Unit 7 & 8,Active
DoH Tasmania,Organisation,100095,South,Region,100094,Repat Centre (RPTC),Site,102127,Community Outreach Building,Building,101674,01. Basement,Floor,101094,BLDG Structure,Structure,100512,BLD100353,0347-01 Community Outreach Building-B,Active
DoH Tasmania,Organisation,100095,South,Region,100094,Bruny Island Community Health Centre Precinct (BICHCP),Site,102090,Community Health Centre,Building,101771,01. Ground Floor,Floor,101193,BLDG Structure,Structure,100611,BLD100370,0630-01 Community Health Centre-GF,Active
DoH Tasmania,Organisation,100095,North West,Region,100093,North West Regional Hospital Precinct (NWRHP),Site,102107,Patient Accommodation 3 studios (conjoined),Building,101971,01. Ground Floor,Floor,101520,BLDG Structure,Structure,100938,BLD102404,0868-01 Patient Accommodation 3 studios (conjoined)-GF,Active
DoH Tasmania,Organisation,100095,South,Region,100094,Other Organisations,Site,104887,Huon Regional Care (Dover Building),Building,104881,01. Ground Floor,Floor,104868,BLDG Structure,Structure,104855,BLD163000,3004-01 Huon Regional Care (Dover Building),Active
DoH Tasmania,Organisation,100095,South,Region,100094,Glenora (GLA),Site,102131,Glenora,Building,101954,02. First Floor,Floor,101484,BLDG Structure,Structure,100902,BLD102448,2070-02 Glenora-L1,Active
DoH Tasmania,Organisation,100095,North West,Region,100093,North West Regional Hospital Precinct (NWRHP),Site,102107,Residence - Unit 3 & 4,Building,101988,01. Ground Floor,Floor,101553,BLDG Structure,Structure,100971,BLD102397,0783-01 Residence - Unit 3 & 4,Active
DoH Tasmania,Organisation,100095,South,Region,100094,Huonville Community Health Centre (HUCHC),Site,102135,Community Health Centre,Building,101772,01. Ground Floor,Floor,101194,BLDG Structure,Structure,100612,BLD100362,0493-01 Community Health Centre-GF,Active
DoH Tasmania,Organisation,100095,North West,Region,100093,North West Regional Hospital Precinct (NWRHP),Site,102107,Office Pod (Vacant) ,Building,104780,01. Ground Floor,Floor,104791,BLDG Structure,Structure,104818,BLD162969,2103-01 Office Pod,Active
DoH Tasmania,Organisation,100095,South,Region,100094,Repat Centre (RPTC),Site,102127,McDougall Building,Building,101675,01. Basement,Floor,101095,BLDG Structure,Structure,100513,BLD100358,0351-01 McDougall Building-B,Active
DoH Tasmania,Organisation,100095,South,Region,100094,Midlands Ambulance Garage (MAG),Site,102167,Ambulance Garage,Building,102050,01. Ground Floor,Floor,101628,BLDG Structure,Structure,101046,BLD102322,0709-01 Ambulance Garage -GF,Active
DoH Tasmania,Organisation,100095,North,Region,100092,Flinders Island Multi Purpose Service Centre (FIMPSC),Site,102209,Residence,Building,101882,01. Ground Floor,Floor,101341,BLDG Structure,Structure,100759,BLD102356,2052-01 Residence-GF,Active
DoH Tasmania,Organisation,100095,North,Region,100092,Other Organisations,Site,104886,Launceston Reception Prison,Building,104879,01. Ground Floor,Floor,104866,BLDG Structure,Structure,104853,BLD162999,3002-01 Launceston Reception Prison,Active
DoH Tasmania,Organisation,100095,North West,Region,100093,North West Regional Hospital Precinct (NWRHP),Site,102107,Patient Accommodation 1 x 2 bedroom unit,Building,104934,Ground Floor,Floor,104940,BLDG Structure,Structure,104946,BLD112035,2095-01 Patient Accommodation 1 x 2 bedroom unit,Active
DoH Tasmania,Organisation,100095,North West,Region,100093,North West Regional Hospital Precinct (NWRHP),Site,102107,Patient Accommodation 1 x 2 bedroom unit,Building,104935,Ground Floor,Floor,104941,BLDG Structure,Structure,104947,BLD112036,2096-01 Patient Accommodation 1 x 2 bedroom unit,Active
DoH Tasmania,Organisation,100095,South,Region,100094,Wilfred Lopes Secure Mental Health Facility (WLSMHF),Site,102215,ADEH Gatehouse,Building,101724,02. First Floor,Floor,104952,BLDG Structure,Structure,104953,BLD163013,0737-02 Gate House-L1,Active
DoH Tasmania,Organisation,100095,North West,Region,100093,North West Regional Hospital Precinct (NWRHP),Site,102107,Patient Accommodation 1 x 2 bedroom unit,Building,104938,Ground Floor,Floor,104944,BLDG Structure,Structure,104950,BLD112039,2099-01 Patient Accommodation 1 x 2 bedroom unit,Active
DoH Tasmania,Organisation,100095,North West,Region,100093,North West Regional Hospital Precinct (NWRHP),Site,102107,Patient Accommodation 1 x 2 bedroom unit,Building,104936,Ground Floor,Floor,104942,BLDG Structure,Structure,104948,BLD112037,2097-01 Patient Accommodation 1 x 2 bedroom unit,Active
DoH Tasmania,Organisation,100095,North,Region,100092,Launceston General Hospital Precinct (LGHP),Site,102143,Cameron Street Child Mental Health,Building,104884,01. Ground Floor,Floor,104871,BLDG Structure,Structure,104858,BLD163003,3007-01 Cameron Street Child Mental Health,Active
DoH Tasmania,Organisation,100095,North West,Region,100093,North West Regional Hospital Precinct (NWRHP),Site,102107,Patient Accommodation 1 x 2 bedroom unit,Building,104937,Ground Floor,Floor,104943,BLDG Structure,Structure,104949,BLD112040,2098-01 Patient Accommodation 1 x 2 bedroom unit,Active
DoH Tasmania,Organisation,100095,North West,Region,100093,Parkside (PKS),Site,102100,Parkside - Tower,Building,101921,02. First Floor,Floor,101455,BLDG Structure,Structure,100873,BLD102384,0046-02 Parkside - Tower-L1,Active
DoH Tasmania,Organisation,100095,North West,Region,100093,Parkside (PKS),Site,102100,Parkside - Renal Unit,Building,101996,01. Ground Floor,Floor,101567,BLDG Structure,Structure,100985,BLD102274,0047-01 Parkside - Renal Unit-GF,Active
DoH Tasmania,Organisation,100095,North West,Region,100093,Parkside (PKS),Site,102100,Parkside - Tower,Building,101921,03. Second Floor,Floor,101559,BLDG Structure,Structure,100977,BLD102388,0046-03 Parkside - Tower-L2,Active
DoH Tasmania,Organisation,100095,North West,Region,100093,Parkside (PKS),Site,102100,Parkside - Tower,Building,101921,04. Third Floor,Floor,101535,BLDG Structure,Structure,100953,BLD102390,0046-04 Parkside - Tower-L3,Active
DoH Tasmania,Organisation,100095,North West,Region,100093,Parkside (PKS),Site,102100,Parkside - Tower,Building,101921,01. Ground Floor,Floor,101565,BLDG Structure,Structure,100983,BLD102386,0046-01 Parkside - Tower-GF,Active
DoH Tasmania,Organisation,100095,South,Region,100094,Peacock Centre MHS (PCMHS),Site,102217,Peacock Centre,Building,101718,02. First Floor,Floor,101346,BLDG Structure,Structure,100764,BLD102638,2077-02 Peacock Centre  -L1,Active
DoH Tasmania,Organisation,100095,North West,Region,100093,Parkside (PKS),Site,102100,Parkside - Tower,Building,101921,06. Fifth Floor,Floor,101460,BLDG Structure,Structure,100878,BLD102389,0046-06 Parkside - Tower-L5,Active
DoH Tasmania,Organisation,100095,North West,Region,100093,Parkside (PKS),Site,102100,Parkside - Tower,Building,101921,05. Fourth Floor,Floor,101435,BLDG Structure,Structure,100853,BLD102387,0046-05 Parkside - Tower-L4,Active
DoH Tasmania,Organisation,100095,South,Region,100094,Midwifery Group Practice (MGP),Site,102120,Midwifery Group,Building,101726,01. Ground Floor,Floor,101147,BLDG Structure,Structure,100565,BLD100276,0316-01 Midwifery Group -GF,Active
DoH Tasmania,Organisation,100095,South,Region,100094,Millbrook Rise (MBR),Site,102157,Day Centre,Building,101778,01. Ground Floor,Floor,101200,BLDG Structure,Structure,100618,BLD100294,0676-01 Day Centre -GF,Active
DoH Tasmania,Organisation,100095,South,Region,100094,Brighton Community Health Centre (BCHC),Site,102094,Consulting Rooms,Building,101728,01. Ground Floor,Floor,101149,BLDG Structure,Structure,100567,BLD100375,0666-01 Consulting Rooms-GF,Active
DoH Tasmania,Organisation,100095,South,Region,100094,New Norfolk District Hospital and Community Health Centre (NNDHCHC),Site,102158,Services Building,Building,101779,01. Ground Floor,Floor,101201,BLDG Structure,Structure,100619,BLD100293,0149-01 Services Building -GF,Active
DoH Tasmania,Organisation,100095,North West,Region,100093,Rosebery Community Health Centre (RBCHC),Site,102179,Community Health Centre,Building,101780,01. Ground Floor,Floor,101202,BLDG Structure,Structure,100620,BLD100324,0182-01 Community Health Centre-GF,Active
DoH Tasmania,Organisation,100095,South,Region,100094,Central Highlands Community Health Centre (CHCHC),Site,102170,Unit 3,Building,101784,01. Ground Floor,Floor,101206,BLDG Structure,Structure,100624,BLD100226,0845-01 Unit 3-GF,Active
DoH Tasmania,Organisation,100095,South,Region,100094,New Norfolk District Hospital and Community Health Centre (NNDHCHC),Site,102158,A Block,Building,101680,01. Lower Ground Floor,Floor,101100,BLDG Structure,Structure,100518,BLD100282,0148-01 A Block-LGF,Active
DoH Tasmania,Organisation,100095,South,Region,100094,Millbrook Rise (MBR),Site,102157,Clyde Unit,Building,101785,01. Ground Floor,Floor,101207,BLDG Structure,Structure,100625,BLD100296,0529-01 Clyde Unit-GF,Active
DoH Tasmania,Organisation,100095,South,Region,100094,Repat Centre (RPTC),Site,102127,Services Building,Building,101752,02. Roof Plant,Floor,101540,BLDG Structure,Structure,100958,BLD102280,0349-02 Services Building-RF,Active
DoH Tasmania,Organisation,100095,South,Region,100094,Central Highlands Community Health Centre (CHCHC),Site,102170,Unit 2,Building,101786,01. Ground Floor,Floor,101208,BLDG Structure,Structure,100626,BLD100227,0844-01 Unit 2-GF,Active
DoH Tasmania,Organisation,100095,South,Region,100094,New Norfolk District Hospital and Community Health Centre (NNDHCHC),Site,102158,Old Matron's Flat,Building,101788,01. Ground Floor,Floor,101210,BLDG Structure,Structure,100628,BLD100287,2027-01 Old Matron's Flat-GF,Active
DoH Tasmania,Organisation,100095,North West,Region,100093,West Coast District Hospital (WCDH),Site,102176,Flat 2,Building,101789,01. Ground Floor,Floor,101211,BLDG Structure,Structure,100629,BLD100398,0878-01 Flat 2-GF,Active
DoH Tasmania,Organisation,100095,South,Region,100094,Central Highlands Community Health Centre (CHCHC),Site,102170,Community Health Centre,Building,101790,01. Ground Floor,Floor,101212,BLDG Structure,Structure,100630,BLD100283,0278-01 Community Health Centre -GF,Active
DoH Tasmania,Organisation,100095,South,Region,100094,New Norfolk District Hospital and Community Health Centre (NNDHCHC),Site,102158,B Block,Building,101792,04. Ground Floor,Floor,101214,BLDG Structure,Structure,100632,BLD100285,0148-04 B Block-GF,Active
DoH Tasmania,Organisation,100095,North West,Region,100093,Smithton District Hospital Precinct (SDHP),Site,102185,Staff and Student Accommodation,Building,101810,02. First Floor,Floor,101596,BLDG Structure,Structure,101014,BLD102537,0096-02 Staff and Student Accommodation -L1,Active
DoH Tasmania,Organisation,100095,South,Region,100094,Central Highlands Community Health Centre (CHCHC),Site,102170,Plant Room and Garage,Building,101794,01. Ground Floor,Floor,101216,BLDG Structure,Structure,100634,BLD100278,0280-01 Plant Room and Garage-GF,Active
DoH Tasmania,Organisation,100095,South,Region,100094,Millbrook Rise (MBR),Site,102157,Derwent Unit,Building,101677,01. Basement,Floor,101097,BLDG Structure,Structure,100515,BLD100229,0530-01 Derwent Unit-B,Active
DoH Tasmania,Organisation,100095,South,Region,100094,Millbrook Rise (MBR),Site,102157,Residence,Building,101795,01. Ground Floor,Floor,101217,BLDG Structure,Structure,100635,BLD100290,0939-01 Residence-GF,Active
DoH Tasmania,Organisation,100095,South,Region,100094,Central Highlands Community Health Centre (CHCHC),Site,102170,Unit 1,Building,101796,01. Ground Floor,Floor,101218,BLDG Structure,Structure,100636,BLD100224,0843-01 Unit 1 -GF,Active
DoH Tasmania,Organisation,100095,South,Region,100094,Repat Centre (RPTC),Site,102127,Auxiliary Storage Building,Building,101738,01. Ground Floor,Floor,101159,BLDG Structure,Structure,100577,BLD100240,2016-01 Auxillary Storage Building -GF,Active
DoH Tasmania,Organisation,100095,North West,Region,100093,Smithton District Hospital Precinct (SDHP),Site,102185,District Hospital,Building,101802,01. Ground Floor,Floor,101224,BLDG Structure,Structure,100642,BLD100304,0094-01 District Hospital-GF,Active
DoH Tasmania,Organisation,100095,South,Region,100094,Glenorchy Health Centre (GHC),Site,102121,Community Health Centre,Building,101774,03. Second Floor,Floor,101485,BLDG Structure,Structure,100903,BLD102421,0929-03 Community Health Centre-L2,Active
DoH Tasmania,Organisation,100095,South,Region,100094,Repat Centre (RPTC),Site,102127,Statton Building,Building,101737,02. First Floor,Floor,101562,BLDG Structure,Structure,100980,BLD102443,0662-02 Statton Building-L1,Active
DoH Tasmania,Organisation,100095,South,Region,100094,Kingston Health Centre (KHC),Site,102138,Health Centre,Building,101767,02. First Floor,Floor,101488,BLDG Structure,Structure,100906,BLD102282,0982-02 Health Centre-L1,Active
DoH Tasmania,Organisation,100095,South,Region,100094,Brighton Community Health Centre (BCHC),Site,102094,Community Health Centre,Building,101745,01. Ground Floor,Floor,101166,BLDG Structure,Structure,100584,BLD100344,0309-01 Community Health Centre-GF,Active
DoH Tasmania,Organisation,100095,South,Region,100094,Millbrook Rise (MBR),Site,102157,Derwent Unit,Building,101677,03. First Floor,Floor,101281,BLDG Structure,Structure,100699,BLD100230,0530-03 Derwent Unit-L1,Active
DoH Tasmania,Organisation,100095,North West,Region,100093,Smithton District Hospital Precinct (SDHP),Site,102185,Garage,Building,101805,01. Ground Floor,Floor,101227,BLDG Structure,Structure,100645,BLD100403,0958-01 Garage -GF,Active
DoH Tasmania,Organisation,100095,South,Region,100094,Parenting Centre New Town (PCNT),Site,102163,Parenting Centre,Building,101699,01. Ground Floor,Floor,101120,BLDG Structure,Structure,100538,BLD100267,0295-01 Parenting Centre-GF,Active
DoH Tasmania,Organisation,100095,South,Region,100094,Millbrook Rise (MBR),Site,102157,Derwent Unit,Building,101677,02. Ground Floor,Floor,101228,BLDG Structure,Structure,100646,BLD100228,0530-02 Derwent Unit-GF,Active
DoH Tasmania,Organisation,100095,South,Region,100094,Repat Centre (RPTC),Site,102127,McDougall Building,Building,101675,03. First Floor,Floor,101561,BLDG Structure,Structure,100979,BLD102444,0351-03 McDougall Building-L1,Active
DoH Tasmania,Organisation,100095,South,Region,100094,Cygnet Child Care Centre (CCCC),Site,102110,Schoolhouse Library,Building,101749,01. Ground Floor,Floor,101171,BLDG Structure,Structure,100589,BLD100389,0722-01 Schoolhouse Library -GF,Active
DoH Tasmania,Organisation,100095,South,Region,100094,Parenting Centre New Town (PCNT),Site,102163,Parenting Centre,Building,101699,02. First Floor,Floor,101284,BLDG Structure,Structure,100702,BLD100265,0295-02 Parenting Centre-L1,Active
DoH Tasmania,Organisation,100095,North West,Region,100093,Smithton District Hospital Precinct (SDHP),Site,102185,Staff and Student Accommodation,Building,101810,01. Ground Floor,Floor,101233,BLDG Structure,Structure,100651,BLD100308,0096-01 Staff and Student Accommodation -GF,Active
DoH Tasmania,Organisation,100095,South,Region,100094,Repat Centre (RPTC),Site,102127,Peacock Building,Building,101679,04. Second Floor,Floor,101450,BLDG Structure,Structure,100868,BLD102436,0346-04 Peacock Building-L2,Active
DoH Tasmania,Organisation,100095,South,Region,100094,Bruny Island Community Health Centre Precinct (BICHCP),Site,102090,Residence,Building,101754,01. Ground Floor,Floor,101176,BLDG Structure,Structure,100594,BLD100359,0441-01 Residence -GF,Active
DoH Tasmania,Organisation,100095,South,Region,100094,Midlands Multi Purpose Health Centre (MMPHC),Site,102169,East Wing,Building,101811,01. Ground Floor,Floor,101234,BLDG Structure,Structure,100652,BLD100361,0509-01 East Wing-GF,Active
DoH Tasmania,Organisation,100095,South,Region,100094,Repat Centre (RPTC),Site,102127,Peacock Building,Building,101679,03. First Floor,Floor,101498,BLDG Structure,Structure,100916,BLD102437,0346-03 Peacock Building-L1,Active
DoH Tasmania,Organisation,100095,South,Region,100094,Clarence Community Health Centre (Integrated Care Centre) (CCHC),Site,102180,Community Health Centre,Building,101673,02. First Floor,Floor,101092,BLDG Structure,Structure,100510,BLD102336,0888-02 Community Health Centre -L1,Active
DoH Tasmania,Organisation,100095,South,Region,100094,Clarence Community Health Centre (Integrated Care Centre) (CCHC),Site,102180,Community Health Centre,Building,101673,03. Second Floor,Floor,101093,BLDG Structure,Structure,100511,BLD102343,0888-03 Community Health Centre -L2,Active
DoH Tasmania,Organisation,100095,South,Region,100094,Repat Centre (RPTC),Site,102127,Peacock Building,Building,101679,05. Third Floor,Floor,101546,BLDG Structure,Structure,100964,BLD102440,0346-05 Peacock Building-L3,Active
DoH Tasmania,Organisation,100095,South,Region,100094,Kingston Ambulance Station (KAS),Site,102139,Ambulance Station,Building,101756,01. Ground Floor,Floor,101178,BLDG Structure,Structure,100596,BLD100297,0011-01 Ambulance Station-GF,Active
DoH Tasmania,Organisation,100095,North West,Region,100093,Smithton District Hospital Precinct (SDHP),Site,102185,Sub Station,Building,102032,01. Ground Floor,Floor,101607,BLDG Structure,Structure,101025,BLD102345,0098-01 Sub Station-GF,Active
DoH Tasmania,Organisation,100095,South,Region,100094,Repat Centre (RPTC),Site,102127,Peacock Building,Building,101679,02. Ground Floor,Floor,101571,BLDG Structure,Structure,100989,BLD102438,0346-02 Peacock Building-GF,Active
DoH Tasmania,Organisation,100095,North West,Region,100093,West Coast District Hospital (WCDH),Site,102176,Flat 1,Building,101812,01. Ground Floor,Floor,101235,BLDG Structure,Structure,100653,BLD100376,0681-01 Flat 1-GF,Active
DoH Tasmania,Organisation,100095,South,Region,100094,Midlands Multi Purpose Health Centre (MMPHC),Site,102169,Consulting Rooms,Building,101813,01. Ground Floor,Floor,101236,BLDG Structure,Structure,100654,BLD100377,0659-01 Consulting Rooms-GF,Active
DoH Tasmania,Organisation,100095,South,Region,100094,Central Highlands Community Health Centre (CHCHC),Site,102170,GP Clinics,Building,101814,01. Ground Floor,Floor,101237,BLDG Structure,Structure,100655,BLD100280,0279-01 GP Clinics-GF,Active
DoH Tasmania,Organisation,100095,South,Region,100094,New Norfolk Ambulance Station (NNAS),Site,102159,Ambulance Station,Building,101816,01. Ground Floor,Floor,101239,BLDG Structure,Structure,100657,BLD100291,2028-01 Ambulance Station-GF,Active
DoH Tasmania,Organisation,100095,South,Region,100094,Central Highlands Community Health Centre (CHCHC),Site,102170,Unit 4,Building,101817,01. Ground Floor,Floor,101240,BLDG Structure,Structure,100658,BLD100225,0846-01 Unit 4-GF,Active
DoH Tasmania,Organisation,100095,South,Region,100094,Cygnet Child Care Centre (CCCC),Site,102110,Child Care Centre,Building,101845,01. Ground Floor,Floor,101270,BLDG Structure,Structure,100688,BLD100363,0550-01 Child Care Centre-GF,Active
DoH Tasmania,Organisation,100095,South,Region,100094,Glenorchy Health Centre (GHC),Site,102121,Community Health Centre,Building,101774,02. First Floor,Floor,101479,BLDG Structure,Structure,100897,BLD102415,0929-02 Community Health Centre-L1,Active
DoH Tasmania,Organisation,100095,South,Region,100094,Cygnet Community Health Centre (CYCHC),Site,102109,Community Health Centre,Building,101846,01. Ground Floor,Floor,101271,BLDG Structure,Structure,100689,BLD100346,0327-01 Community Health Centre-GF,Active
DoH Tasmania,Organisation,100095,South,Region,100094,Bruny Island Community Health Centre Precinct (BICHCP),Site,102090,Pharmacy,Building,101762,01. Ground Floor,Floor,101184,BLDG Structure,Structure,100602,BLD100312,0117-01 Pharmacy -GF,Active
DoH Tasmania,Organisation,100095,North West,Region,100093,Smithton District Hospital Precinct (SDHP),Site,102185,Services Building,Building,101820,01. Ground Floor,Floor,101243,BLDG Structure,Structure,100661,BLD100309,0095-01 Services Building -GF,Active
DoH Tasmania,Organisation,100095,South,Region,100094,Repat Centre (RPTC),Site,102127,Orthotic Prosthetic Services and Artificial Limb Centre,Building,101765,01. Ground Floor,Floor,101187,BLDG Structure,Structure,100605,BLD100342,0299-01 Orthotic Prosthetic Services and Artificial Limb Centre-GF,Active
DoH Tasmania,Organisation,100095,South,Region,100094,Repat Centre (RPTC),Site,102127,McDougall Building,Building,101675,02. Ground Floor,Floor,101572,BLDG Structure,Structure,100990,BLD102441,0351-02 McDougall Building-GF,Active
DoH Tasmania,Organisation,100095,South,Region,100094,Central Highlands Community Health Centre (CHCHC),Site,102170,Laundry / Store rooms,Building,101823,01. Ground Floor,Floor,101246,BLDG Structure,Structure,100664,BLD100281,0281-01 Laundry / Store rooms-GF,Active
DoH Tasmania,Organisation,100095,South,Region,100094,Kingston Health Centre (KHC),Site,102138,Health Centre,Building,101767,01. Ground Floor,Floor,101189,BLDG Structure,Structure,100607,BLD100407,0982-01 Health Centre-GF,Active
DoH Tasmania,Organisation,100095,South,Region,100094,Midlands Multi Purpose Health Centre (MMPHC),Site,102169,West Wing,Building,102042,02. Ground Floor,Floor,101617,BLDG Structure,Structure,101035,BLD102533,0509-02 West Wing-GF,Active
DoH Tasmania,Organisation,100095,South,Region,100094,Millbrook Rise (MBR),Site,102157,Tyenna Units,Building,101825,01. Ground Floor,Floor,101248,BLDG Structure,Structure,100666,BLD100301,0531-01 Tyenna Units-GF,Active
DoH Tasmania,Organisation,100095,South,Region,100094,New Norfolk District Hospital and Community Health Centre (NNDHCHC),Site,102158,Derwent Valley Medical Centre,Building,101827,01. Ground Floor,Floor,101250,BLDG Structure,Structure,100668,BLD100289,0150-01 Derwent Valley Medical Centre-GF,Active
DoH Tasmania,Organisation,100095,South,Region,100094,Risdon Vale Community Health Centre (RVCHC),Site,102177,Community Health Centre,Building,101706,02. First Floor,Floor,101636,BLDG Structure,Structure,101054,BLD102328,0162-02 Community Health Centre-L1,Active
DoH Tasmania,Organisation,100095,South,Region,100094,Midlands Multi Purpose Health Centre (MMPHC),Site,102169,South Wing,Building,102052,03. Ground Floor,Floor,101630,BLDG Structure,Structure,101048,BLD102532,0509-03 South Wing-GF,Active
DoH Tasmania,Organisation,100095,South,Region,100094,New Norfolk District Hospital and Community Health Centre (NNDHCHC),Site,102158,B Block,Building,101792,02. Ground Floor,Floor,101251,BLDG Structure,Structure,100669,BLD100286,0148-02 B Block-GF,Active
DoH Tasmania,Organisation,100095,North West,Region,100093,West Coast District Hospital (WCDH),Site,102176,Flat 3,Building,101829,01. Ground Floor,Floor,101253,BLDG Structure,Structure,100671,BLD100397,0880-01 Flat 3-GF,Active
DoH Tasmania,Organisation,100095,South,Region,100094,Repat Centre (RPTC),Site,102127,Peacock Building,Building,101679,06. Fourth Floor,Floor,101454,BLDG Structure,Structure,100872,BLD102435,0346-06 Peacock Building-L4,Active
DoH Tasmania,Organisation,100095,South,Region,100094,Clarence Community Health Centre (Integrated Care Centre) (CCHC),Site,102180,Community Health Centre,Building,101673,01. Ground Floor,Floor,101091,BLDG Structure,Structure,100509,BLD100395,0888-01 Community Health Centre -GF,Active
DoH Tasmania,Organisation,100095,South,Region,100094,Midlands Multi Purpose Health Centre (MMPHC),Site,102169,Physio Building,Building,101832,01. Ground Floor,Floor,101256,BLDG Structure,Structure,100674,BLD100378,0658-01 Physio Building-GF,Active
DoH Tasmania,Organisation,100095,South,Region,100094,Glenorchy Health Centre (GHC),Site,102121,Community Health Centre,Building,101774,01. Ground Floor,Floor,101196,BLDG Structure,Structure,100614,BLD100404,0929-01 Community Health Centre-GF,Active
DoH Tasmania,Organisation,100095,South,Region,100094,Lenah Valley Child Health Clinic (LVCHC),Site,102147,Child Health Centre,Building,101833,01. Ground Floor,Floor,101258,BLDG Structure,Structure,100676,BLD100262,0115-01 Child Health Centre-GF,Active
DoH Tasmania,Organisation,100095,South,Region,100094,Parenting Centre New Town (PCNT),Site,102163,Parenting Centre,Building,102078,01. Ground Floor,Floor,101659,BLDG Structure,Structure,101077,BLD102317,2080-01 Parenting Centre-GF,Active
DoH Tasmania,Organisation,100095,South,Region,100094,New Norfolk District Hospital and Community Health Centre (NNDHCHC),Site,102158,A Block,Building,101680,03. Lower Ground Floor,Floor,101101,BLDG Structure,Structure,100519,BLD100284,0148-03 A Block-LGF,Active
DoH Tasmania,Organisation,100095,South,Region,100094,Risdon Vale Community Health Centre (RVCHC),Site,102177,Community Health Centre,Building,101706,01. Ground Floor,Floor,101127,BLDG Structure,Structure,100545,BLD100322,0162-01 Community Health Centre-GF,Active
DoH Tasmania,Organisation,100095,South,Region,100094,Repat Centre (RPTC),Site,102127,McDougall Building,Building,101675,04. Second Floor,Floor,101533,BLDG Structure,Structure,100951,BLD102442,0351-04 McDougall Building-L2,Active
DoH Tasmania,Organisation,100095,South,Region,100094,Repat Centre (RPTC),Site,102127,Community Outreach Building,Building,101674,02. Ground Floor,Floor,101505,BLDG Structure,Structure,100923,BLD102439,0347-02 Community Outreach Building-GF,Active
DoH Tasmania,Organisation,100095,South,Region,100094,Royal Hobart Hospital Precinct (RHHP),Site,102125,RHH - C Block,Building,101869,05. Third Floor,Floor,101314,BLDG Structure,Structure,100732,BLD102582,0112-05 C Block -L3,Active
DoH Tasmania,Organisation,100095,South,Region,100094,Royal Hobart Hospital Precinct (RHHP),Site,102125,RHH - A Block,Building,101861,05. Second Floor,Floor,101320,BLDG Structure,Structure,100738,BLD102568,0114-05 A Block -L2,Active
DoH Tasmania,Organisation,100095,South,Region,100094,St Johns Park (SJP),Site,102161,1831 South Building,Building,101801,03. Second Floor,Floor,101285,BLDG Structure,Structure,100703,BLD100269,0059-03 1831 South Building -L2,Active
DoH Tasmania,Organisation,100095,South,Region,100094,St Johns Park (SJP),Site,102161,Inga Building,Building,101698,02. First Floor,Floor,101276,BLDG Structure,Structure,100694,BLD100273,0174-02 Inga Building-L1,Active
DoH Tasmania,Organisation,100095,South,Region,100094,Spring Bay Community Health Centre (SBCHC),Site,102197,Ambulance Station,Building,101708,01. Ground Floor,Floor,101129,BLDG Structure,Structure,100547,BLD100411,2048-01 Ambulance Station-GF,Active
DoH Tasmania,Organisation,100095,South,Region,100094,Royal Hobart Hospital Precinct (RHHP),Site,102125,Wellington Centre,Building,101887,01. First Floor,Floor,101359,BLDG Structure,Structure,100777,BLD102646,0871-01 Wellington Centre   - Pharmacy -L1,Active
DoH Tasmania,Organisation,100095,South,Region,100094,St Johns Park (SJP),Site,102161,Inga Building,Building,101698,03. Second Floor,Floor,101287,BLDG Structure,Structure,100705,BLD100221,0174-03 Inga Building-L2,Active
DoH Tasmania,Organisation,100095,South,Region,100094,Tasman Multi Purpose Service Centre Precinct (TMPSCP),Site,102166,E Block,Building,102024,05. Ground Floor,Floor,101599,BLDG Structure,Structure,101017,BLD102534,0485-05 E Block-GF,Active
DoH Tasmania,Organisation,100095,South,Region,100094,Royal Hobart Hospital Precinct (RHHP),Site,102125,RHH - Consultant office,Building,101941,03. Second Floor,Floor,101487,BLDG Structure,Structure,100905,BLD102433,0313-03 RHH - Consultant office -L2,Active
DoH Tasmania,Organisation,100095,South,Region,100094,Royal Hobart Hospital Precinct (RHHP),Site,102125,RHH - D Block,Building,101871,05. Third Floor,Floor,101377,BLDG Structure,Structure,100795,BLD102588,0118-05 D Block -L3,Active
DoH Tasmania,Organisation,100095,South,Region,100094,St Johns Park (SJP),Site,102161,The Piggery,Building,102035,01. Ground Floor,Floor,101610,BLDG Structure,Structure,101028,BLD102309,0725-01 The Piggery-GF,Active
DoH Tasmania,Organisation,100095,South,Region,100094,St Johns Park (SJP),Site,102161,Wingfield Building,Building,101781,01. Ground Floor,Floor,101203,BLDG Structure,Structure,100621,BLD100247,0057-01 Wingfield Building -GF,Active
DoH Tasmania,Organisation,100095,South,Region,100094,Royal Hobart Hospital Precinct (RHHP),Site,102125,RHH - H Block,Building,101870,12. Roof,Floor,104811,BLDG Structure,Structure,104838,BLD162987,0113-12 H Block-RF,Active
DoH Tasmania,Organisation,100095,South,Region,100094,Royal Hobart Hospital Precinct (RHHP),Site,102125,RHH - H Block,Building,101870,05. Second Floor,Floor,101329,BLDG Structure,Structure,100747,BLD102610,0113-05 H Block -L2,Active
DoH Tasmania,Organisation,100095,South,Region,100094,Royal Hobart Hospital Precinct (RHHP),Site,102125,RHH - A Block,Building,101861,09. Sixth Floor,Floor,101323,BLDG Structure,Structure,100741,BLD102572,0114-09 A Block -L6,Active
DoH Tasmania,Organisation,100095,South,Region,100094,St Johns Park (SJP),Site,102161,Store / Workshop,Building,101783,01. Ground Floor,Floor,101205,BLDG Structure,Structure,100623,BLD100298,0030-01 Store / Workshop-GF,Active
DoH Tasmania,Organisation,100095,South,Region,100094,St Johns Park (SJP),Site,102161,Transport Galvanised Shed,Building,102018,01. Ground Floor,Floor,101592,BLDG Structure,Structure,101010,BLD102311,0934-01 Transport Galvanised Shed,Active
DoH Tasmania,Organisation,100095,South,Region,100094,Royal Hobart Hospital Precinct (RHHP),Site,102125,RHH - J Block,Building,101900,03. Second Floor,Floor,101419,BLDG Structure,Structure,100837,BLD102621,0735-03 J Block -L2,Active
DoH Tasmania,Organisation,100095,South,Region,100094,Southern Dental Centre (SDC),Site,102160,Warragul Ave Building,Building,102040,02. First Floor,Floor,101664,BLDG Structure,Structure,101082,BLD102523,0008-02 Warragul Ave Building-L1,Active
DoH Tasmania,Organisation,100095,South,Region,100094,Royal Hobart Hospital Precinct (RHHP),Site,102125,Wellington Centre,Building,101887,03. Third Floor,Floor,101390,BLDG Structure,Structure,100808,BLD102649,2059-02 Wellington Air Bridge-L3,Active
DoH Tasmania,Organisation,100095,South,Region,100094,Sorell Ambulance Station (SAS),Site,102186,Ambulance Station,Building,102011,01. Ground Floor,Floor,101585,BLDG Structure,Structure,101003,BLD102540,0322-01 Ambulance Station-GF,Active
DoH Tasmania,Organisation,100095,South,Region,100094,St Johns Park (SJP),Site,102161,1831 North Building,Building,101676,04. Second Floor,Floor,101286,BLDG Structure,Structure,100704,BLD100270,0067-04 1831 North Building -L2,Active
DoH Tasmania,Organisation,100095,South,Region,100094,Royal Hobart Hospital Precinct (RHHP),Site,102125,RHH - A Block,Building,101861,04. First Floor,Floor,101301,BLDG Structure,Structure,100719,BLD102565,0114-04 A Block -L1,Active
DoH Tasmania,Organisation,100095,South,Region,100094,Royal Hobart Hospital Precinct (RHHP),Site,102125,RHH - C Block,Building,101869,01. Lower Ground Floor,Floor,101420,BLDG Structure,Structure,100838,BLD102574,0112-01 C Block -LGF,Active
DoH Tasmania,Organisation,100095,South,Region,100094,Royal Hobart Hospital Precinct (RHHP),Site,102125,RHH - E Block,Building,101879,01. Lower Ground Floor,Floor,101375,BLDG Structure,Structure,100793,BLD102593,0119-01 E Block -LGF,Active
DoH Tasmania,Organisation,100095,South,Region,100094,Southern Community Mental Health Services (SCMHS),Site,102132,Mistral Place,Building,101943,02. First Floor,Floor,101547,BLDG Structure,Structure,100965,BLD102452,0560-02 Mistral Place-L1,Active
DoH Tasmania,Organisation,100095,South,Region,100094,Terry Street MHS (TEMHS),Site,102118,Mental Health Services,Building,101959,02. First Floor,Floor,101528,BLDG Structure,Structure,100946,BLD102411,0315-02 Mental Health Services-L1,Active
DoH Tasmania,Organisation,100095,South,Region,100094,Royal Hobart Hospital Precinct (RHHP),Site,102125,RHH - K Block,Building,101860,04. Second Floor,Floor,101312,BLDG Structure,Structure,100730,BLD102625,0988-04 K Block -L2,Active
DoH Tasmania,Organisation,100095,South,Region,100094,Royal Hobart Hospital Precinct (RHHP),Site,102125,RHH - D Block,Building,101871,02. Ground Floor,Floor,101383,BLDG Structure,Structure,100801,BLD102585,0118-02 D Block -GF,Active
DoH Tasmania,Organisation,100095,South,Region,100094,St Johns Park (SJP),Site,102161,1831 North Building,Building,101676,03. First Floor,Floor,101280,BLDG Structure,Structure,100698,BLD100266,0067-03 1831 North Building -L1,Active
DoH Tasmania,Organisation,100095,South,Region,100094,Royal Hobart Hospital Precinct (RHHP),Site,102125,Vodafone building,Building,101855,08. Eighth floor,Floor,101293,BLDG Structure,Structure,100711,BLD102375,2084-08 Vodafone building -L8,Active
DoH Tasmania,Organisation,100095,South,Region,100094,Royal Hobart Hospital Precinct (RHHP),Site,102125,RHH - F Block,Building,101859,04. First Floor,Floor,101392,BLDG Structure,Structure,100810,BLD102600,0736-04 F Block -L1,Active
DoH Tasmania,Organisation,100095,South,Region,100094,St Johns Park (SJP),Site,102161,Sub Station (0925),Building,101787,01. Ground Floor,Floor,101209,BLDG Structure,Structure,100627,BLD100400,0925-01 Sub Station -GF,Active
DoH Tasmania,Organisation,100095,South,Region,100094,Royal Hobart Hospital Precinct (RHHP),Site,102125,RHH - J Block,Building,101900,02. Ground Floor,Floor,101424,BLDG Structure,Structure,100842,BLD102622,0735-02 J Block -GF,Active
DoH Tasmania,Organisation,100095,South,Region,100094,Royal Hobart Hospital Precinct (RHHP),Site,102125,BUPA building  25 Argyle Street Hobart,Building,101897,05. Fifth Floor,Floor,101309,BLDG Structure,Structure,100727,BLD102370,2082-05 BUPA building - Records RHH-L5,Active
DoH Tasmania,Organisation,100095,South,Region,100094,Royal Hobart Hospital Precinct (RHHP),Site,102125,Wellington Centre,Building,101887,10. Tenth floor,Floor,101345,BLDG Structure,Structure,100763,BLD102651,2085-10 Wellington Centre - Specialist Clinics-L10,Active
DoH Tasmania,Organisation,100095,South,Region,100094,Royal Hobart Hospital Precinct (RHHP),Site,102125,RHH - F Block,Building,101859,05. Second Floor,Floor,101365,BLDG Structure,Structure,100783,BLD102602,0736-05 F Block -L2,Active
DoH Tasmania,Organisation,100095,South,Region,100094,St Johns Park (SJP),Site,102161,21 St Johns Avenue,Building,101694,01. Ground Floor,Floor,101115,BLDG Structure,Structure,100533,BLD100326,0171-01 21 St Johns Avenue-GF,Active
DoH Tasmania,Organisation,100095,South,Region,100094,Southern Community Mental Health Services (SCMHS),Site,102132,Mistral Place,Building,101943,01. Ground Floor,Floor,101470,BLDG Structure,Structure,100888,BLD102445,0560-01 Mistral Place-GF,Active
DoH Tasmania,Organisation,100095,South,Region,100094,Southern Tas Ambulance Station (SRAS),Site,102123,Ambulance Station + Admin,Building,101977,01. Ground Floor,Floor,101530,BLDG Structure,Structure,100948,BLD102417,0897-01 Ambulance Station + Admin -GF,Active
DoH Tasmania,Organisation,100095,South,Region,100094,Royal Hobart Hospital Precinct (RHHP),Site,102125,RHH - A Block,Building,101861,06. Third Floor,Floor,101413,BLDG Structure,Structure,100831,BLD102573,0114-06 A Block -L3,Active
DoH Tasmania,Organisation,100095,South,Region,100094,Royal Hobart Hospital Precinct (RHHP),Site,102125,RHH - E Block,Building,101879,06. Fourth Floor,Floor,101384,BLDG Structure,Structure,100802,BLD102596,0119-06 E Block -L4,Active
DoH Tasmania,Organisation,100095,South,Region,100094,St Johns Park (SJP),Site,102161,1831 North Building,Building,101676,01. Basement,Floor,101096,BLDG Structure,Structure,100514,BLD100255,0067-01 1831 North Building-B,Active
DoH Tasmania,Organisation,100095,South,Region,100094,Royal Hobart Hospital Precinct (RHHP),Site,102125,RHH - H Block,Building,101870,09. Sixth Floor,Floor,101332,BLDG Structure,Structure,100750,BLD102614,0113-09 H Block -L6,Active
DoH Tasmania,Organisation,100095,South,Region,100094,St Johns Park (SJP),Site,102161,Chalet 2 Rechabite Chalet,Building,101791,01. Ground Floor,Floor,101213,BLDG Structure,Structure,100631,BLD100394,0919-01 Chalet 2 Rechabite Chalet -GF,Active
DoH Tasmania,Organisation,100095,South,Region,100094,Royal Hobart Hospital Precinct (RHHP),Site,102125,RHH - Consultant office,Building,101941,02. Mezzanine,Floor,101513,BLDG Structure,Structure,100931,BLD102427,0313-02 RHH - Consultant office -MEZ,Active
DoH Tasmania,Organisation,100095,South,Region,100094,Royal Hobart Hospital Precinct (RHHP),Site,102125,Temporary Bld above Entrance RHHRedevelopment,Building,101913,01. First Floor,Floor,101415,BLDG Structure,Structure,100833,BLD102636,0954-01 Temporary Bld above Entrance RHHRedevelopment-L1,Active
DoH Tasmania,Organisation,100095,South,Region,100094,Southern Dental Centre (SDC),Site,102160,Oral Health Admin Office (45 NewTownRd),Building,102079,01. Ground Floor,Floor,101660,BLDG Structure,Structure,101078,BLD102522,0007-01 Oral Health Admin Office (45 NewTownRd) -GF,Active
DoH Tasmania,Organisation,100095,South,Region,100094,St Johns Park (SJP),Site,102161,Karingal Building,Building,101695,01. Ground Floor,Floor,101116,BLDG Structure,Structure,100534,BLD100258,0069-01 Karingal Building-GF,Active
DoH Tasmania,Organisation,100095,South,Region,100094,Royal Hobart Hospital Precinct (RHHP),Site,102125,RHH - H Block,Building,101870,06. Third Floor,Floor,101428,BLDG Structure,Structure,100846,BLD102617,0113-06 H Block -L3,Active
DoH Tasmania,Organisation,100095,South,Region,100094,Royal Hobart Hospital Precinct (RHHP),Site,102125,Wellington Centre,Building,101887,12. Twelfth Floor,Floor,101347,BLDG Structure,Structure,100765,BLD102653,2085-12 Wellington Centre - Orthopaedic / Burns/ Xray /Hand clinics -L12,Active
DoH Tasmania,Organisation,100095,South,Region,100094,St Johns Park (SJP),Site,102161,Karingal Building,Building,101695,02. First Floor,Floor,101277,BLDG Structure,Structure,100695,BLD100256,0069-02 Karingal Building-L1,Active
DoH Tasmania,Organisation,100095,South,Region,100094,Royal Hobart Hospital Precinct (RHHP),Site,102125,RHH - E Block,Building,101879,07. Roof,Floor,104809,BLDG Structure,Structure,104836,BLD162989,0119-07 E Block-RF,Active
DoH Tasmania,Organisation,100095,South,Region,100094,Royal Hobart Hospital Precinct (RHHP),Site,102125,RHH - A Block,Building,101861,10. Seventh Floor,Floor,101350,BLDG Structure,Structure,100768,BLD102570,0114-10 A Block -L7,Active
DoH Tasmania,Organisation,100095,South,Region,100094,Roy Fagan Centre (RFC),Site,102146,Zone 5 Entrance,Building,102085,01. Ground Floor,Floor,101668,BLDG Structure,Structure,101086,BLD102516,0652-01 Zone 5 Entrance-GF,Active
DoH Tasmania,Organisation,100095,South,Region,100094,Tasman Multi Purpose Service Centre Precinct (TMPSCP),Site,102166,C Block,Building,102015,03. Ground Floor,Floor,101589,BLDG Structure,Structure,101007,BLD102530,0485-03 C Block-GF,Active
DoH Tasmania,Organisation,100095,South,Region,100094,St Johns Park (SJP),Site,102161,19 St Johns Avenue,Building,101843,01. Ground Floor,Floor,101268,BLDG Structure,Structure,100686,BLD100325,0170-01 19 St Johns Avenue-GF,Active
DoH Tasmania,Organisation,100095,South,Region,100094,Royal Hobart Hospital Precinct (RHHP),Site,102125,RHH - D Block,Building,101871,04. Second Floor,Floor,101414,BLDG Structure,Structure,100832,BLD102587,0118-04 D Block -L2,Active
DoH Tasmania,Organisation,100095,South,Region,100094,St Johns Park (SJP),Site,102161,Sub Station (0342),Building,102037,01. Ground Floor,Floor,101612,BLDG Structure,Structure,101030,BLD102312,0342-01 Sub Station,Active
DoH Tasmania,Organisation,100095,South,Region,100094,Royal Hobart Hospital Precinct (RHHP),Site,102125,RHH - J Block,Building,101900,04. Third Floor,Floor,101429,BLDG Structure,Structure,100847,BLD102620,0735-04 J Block -L3,Active
DoH Tasmania,Organisation,100095,South,Region,100094,Royal Hobart Hospital Precinct (RHHP),Site,102125,RHH - K Block,Building,101860,11. Ninth Floor,Floor,101364,BLDG Structure,Structure,100782,BLD102629,0988-11 K Block -L9,Active
DoH Tasmania,Organisation,100095,South,Region,100094,St Johns Park (SJP),Site,102161,Parish Centre,Building,101696,01. Ground Floor,Floor,101117,BLDG Structure,Structure,100535,BLD100251,0062-01 Parish Centre-GF,Active
DoH Tasmania,Organisation,100095,South,Region,100094,Royal Hobart Hospital Precinct (RHHP),Site,102125,RHH - Consultant office,Building,101941,01. Ground Floor,Floor,101466,BLDG Structure,Structure,100884,BLD102426,0313-01 RHH - Consultant office -GF,Active
DoH Tasmania,Organisation,100095,South,Region,100094,Royal Hobart Hospital Precinct (RHHP),Site,102125,RHH - H Block,Building,101870,01. Basement,Floor,101328,BLDG Structure,Structure,100746,BLD102607,0113-01 H Block-B,Active
DoH Tasmania,Organisation,100095,South,Region,100094,Royal Hobart Hospital Precinct (RHHP),Site,102125,RHH - C Block,Building,101869,04. Second Floor,Floor,101357,BLDG Structure,Structure,100775,BLD102581,0112-04 C Block -L2,Active
DoH Tasmania,Organisation,100095,South,Region,100094,Royal Hobart Hospital Precinct (RHHP),Site,102125,RHH - F Block,Building,101859,07. Fourth Floor,Floor,101373,BLDG Structure,Structure,100791,BLD102599,0736-07 F Block -L4,Active
DoH Tasmania,Organisation,100095,South,Region,100094,St Johns Park (SJP),Site,102161,Store / Workshop - Mortuary (near Woodhouse),Building,101797,01. Ground Floor,Floor,101219,BLDG Structure,Structure,100637,BLD100352,0343-01 Store / Workshop - Mortuary (near Woodhouse) -GF,Active
DoH Tasmania,Organisation,100095,South,Region,100094,Royal Hobart Hospital Precinct (RHHP),Site,102125,BUPA building  25 Argyle Street Hobart,Building,101897,02. Second Floor,Floor,101370,BLDG Structure,Structure,100788,BLD102367,2082-02 BUPA building  25 Argyle Street Hobart-L2,Active
DoH Tasmania,Organisation,100095,South,Region,100094,Royal Hobart Hospital Precinct (RHHP),Site,102125,RHH - D Block,Building,101871,08. Sixth Floor,Floor,101432,BLDG Structure,Structure,100850,BLD102591,0118-08 D Block -L6,Active
DoH Tasmania,Organisation,100095,South,Region,100094,Royal Hobart Hospital Precinct (RHHP),Site,102125,D Block - Infill building,Building,101895,06. Fifth Floor,Floor,101381,BLDG Structure,Structure,100799,BLD102563,0121-06 D Block - Infill building-L5,Active
DoH Tasmania,Organisation,100095,South,Region,100094,Royal Hobart Hospital Precinct (RHHP),Site,102125,RHH - F Block,Building,101859,02. Basement,Floor,101361,BLDG Structure,Structure,100779,BLD102604,0736-02 F Block-B,Active
DoH Tasmania,Organisation,100095,South,Region,100094,Royal Hobart Hospital Precinct (RHHP),Site,102125,RHH - K Block,Building,101860,10. Eighth floor,Floor,101334,BLDG Structure,Structure,100752,BLD102630,0988-10 K Block -L8,Active
DoH Tasmania,Organisation,100095,South,Region,100094,Tasman Multi Purpose Service Centre Precinct (TMPSCP),Site,102166,D Block,Building,102047,04. Ground Floor,Floor,101623,BLDG Structure,Structure,101041,BLD102531,0485-04 D Block-GF,Active
DoH Tasmania,Organisation,100095,South,Region,100094,St Johns Park (SJP),Site,102161,Gellibrand Building,Building,101798,01. Ground Floor,Floor,101220,BLDG Structure,Structure,100638,BLD100245,0070-01 Gellibrand Building-GF,Active
DoH Tasmania,Organisation,100095,South,Region,100094,St Johns Park (SJP),Site,102161,Kitchen Store Shed,Building,101799,01. Ground Floor,Floor,101221,BLDG Structure,Structure,100639,BLD100252,0726-01 Kitchen Store Shed -GF,Active
DoH Tasmania,Organisation,100095,South,Region,100094,Roy Fagan Centre (RFC),Site,102146,Zone 4 (Day Centre),Building,102067,01. Ground Floor,Floor,101646,BLDG Structure,Structure,101064,BLD102515,0651-01 Zone 4 (Day Centre)-GF,Active
DoH Tasmania,Organisation,100095,South,Region,100094,Royal Hobart Hospital Precinct (RHHP),Site,102125,RHH - H Block,Building,101870,08. Fifth Floor,Floor,101340,BLDG Structure,Structure,100758,BLD102615,0113-08 H Block -L5,Active
DoH Tasmania,Organisation,100095,South,Region,100094,St Johns Park (SJP),Site,102161,15 St Johns Avenue,Building,101844,01. Ground Floor,Floor,101269,BLDG Structure,Structure,100687,BLD100303,0052-01 15 St Johns Avenue-GF,Active
DoH Tasmania,Organisation,100095,South,Region,100094,Tasman Multi Purpose Service Centre Precinct (TMPSCP),Site,102166,Home Care Services,Building,102055,01. Ground Floor,Floor,101633,BLDG Structure,Structure,101051,BLD102321,0678-01 Home Care Services -GF,Active
DoH Tasmania,Organisation,100095,South,Region,100094,St Johns Park (SJP),Site,102161,1831 South Building,Building,101801,01. Ground Floor,Floor,101223,BLDG Structure,Structure,100641,BLD100268,0059-01 1831 South Building -GF,Active
DoH Tasmania,Organisation,100095,South,Region,100094,Royal Hobart Hospital Precinct (RHHP),Site,102125,Wellington Centre,Building,101887,09. Ninth Floor,Floor,101368,BLDG Structure,Structure,100786,BLD102650,2085-09 Wellington Centre - Specialist Clinics - pre admission -L9,Active
DoH Tasmania,Organisation,100095,South,Region,100094,Southern Dental Centre (SDC),Site,102160,Southern Dental Centre,Building,102086,01. Ground Floor,Floor,101669,BLDG Structure,Structure,101087,BLD102521,0006-01 Southern Dental Centre  -GF,Active
DoH Tasmania,Organisation,100095,South,Region,100094,Royal Hobart Hospital Precinct (RHHP),Site,102125,RHH - E Block,Building,101879,04. Second Floor,Floor,101379,BLDG Structure,Structure,100797,BLD102589,0119-04 E Block -L2,Active
DoH Tasmania,Organisation,100095,South,Region,100094,Royal Hobart Hospital Precinct (RHHP),Site,102125,RHH - F Block,Building,101859,10. Roof,Floor,104810,BLDG Structure,Structure,104837,BLD162988,0736-10 F Block-RF,Active
DoH Tasmania,Organisation,100095,South,Region,100094,Royal Hobart Hospital Precinct (RHHP),Site,102125,RHH - A Block,Building,101861,13. Tenth floor,Floor,101348,BLDG Structure,Structure,100766,BLD102576,0114-13 A Block -L10,Active
DoH Tasmania,Organisation,100095,South,Region,100094,Southern Dental Centre (SDC),Site,102160,Training rooms,Building,102009,01. Ground Floor,Floor,101583,BLDG Structure,Structure,101001,BLD102527,0504-01 Training rooms -GF,Active
DoH Tasmania,Organisation,100095,South,Region,100094,Royal Hobart Hospital Precinct (RHHP),Site,102125,RHH - K Block,Building,101860,12. Tenth floor,Floor,101318,BLDG Structure,Structure,100736,BLD102633,0988-12 K Block -L10,Active
DoH Tasmania,Organisation,100095,South,Region,100094,Royal Hobart Hospital Precinct (RHHP),Site,102125,BUPA building  25 Argyle Street Hobart,Building,101897,04. Fourth Floor,Floor,101354,BLDG Structure,Structure,100772,BLD102368,2082-04 BUPA building - Breastscreen-L4,Active
DoH Tasmania,Organisation,100095,South,Region,100094,Royal Hobart Hospital Precinct (RHHP),Site,102125,RHH - K Block,Building,101860,15. Roof,Floor,104813,BLDG Structure,Structure,104840,BLD162990,0988-14 K Block-RF,Active
DoH Tasmania,Organisation,100095,South,Region,100094,Royal Hobart Hospital Precinct (RHHP),Site,102125,RHH - F Block,Building,101859,01. Lower Basement,Floor,101382,BLDG Structure,Structure,100800,BLD102598,0736-01 F Block-Lower B,Active
DoH Tasmania,Organisation,100095,South,Region,100094,Royal Hobart Hospital Precinct (RHHP),Site,102125,RHH - A Block,Building,101861,11. Eighth floor,Floor,101401,BLDG Structure,Structure,100819,BLD102575,0114-11 A Block -L8,Active
DoH Tasmania,Organisation,100095,South,Region,100094,Royal Hobart Hospital Precinct (RHHP),Site,102125,RHH - H Block,Building,101870,10. Seventh Floor,Floor,101313,BLDG Structure,Structure,100731,BLD102609,0113-10 H Block -L7,Active
DoH Tasmania,Organisation,100095,South,Region,100094,Royal Hobart Hospital Precinct (RHHP),Site,102125,RHH - H Block,Building,101870,03. Ground Floor,Floor,101378,BLDG Structure,Structure,100796,BLD102612,0113-03 H Block -GF,Active
DoH Tasmania,Organisation,100095,South,Region,100094,Sorell Community Health Centre (SCHC),Site,102187,Community Health Centre,Building,101803,01. Ground Floor,Floor,101225,BLDG Structure,Structure,100643,BLD100367,0454-01 Community Health Centre-GF,Active
DoH Tasmania,Organisation,100095,South,Region,100094,Royal Hobart Hospital Precinct (RHHP),Site,102125,RHH - J Block,Building,101900,01. Lower Ground Floor,Floor,101376,BLDG Structure,Structure,100794,BLD102618,0735-01 J Block -LGF,Active
DoH Tasmania,Organisation,100095,South,Region,100094,Royal Hobart Hospital Precinct (RHHP),Site,102125,RHH - J Block,Building,101900,05. Roof,Floor,104812,BLDG Structure,Structure,104839,BLD162986,0735-05 J Block-RF,Active
DoH Tasmania,Organisation,100095,South,Region,100094,Royal Hobart Hospital Precinct (RHHP),Site,102125,RHH - K Block,Building,101860,05. Third Floor,Floor,101400,BLDG Structure,Structure,100818,BLD102619,0988-05 K Block -L3,Active
DoH Tasmania,Organisation,100095,South,Region,100094,St Johns Park (SJP),Site,102161,Inga Building,Building,101698,01. Ground Floor,Floor,101119,BLDG Structure,Structure,100537,BLD100272,0174-01 Inga Building-GF,Active
DoH Tasmania,Organisation,100095,South,Region,100094,St Johns Park (SJP),Site,102161,Transport Garage Compound,Building,101804,01. Ground Floor,Floor,101226,BLDG Structure,Structure,100644,BLD100402,0932-01 Transport Garage Compound -GF,Active
DoH Tasmania,Organisation,100095,South,Region,100094,Spring Bay Community Health Centre (SBCHC),Site,102197,Health Centre,Building,101716,01. Ground Floor,Floor,101137,BLDG Structure,Structure,100555,BLD100360,0447-01 Health Centre -GF,Active
DoH Tasmania,Organisation,100095,South,Region,100094,Royal Hobart Hospital Precinct (RHHP),Site,102125,RHH - K Block,Building,101860,03. Mezzanine,Floor,101336,BLDG Structure,Structure,100754,BLD102623,0988-03 K Block-MEZ,Active
DoH Tasmania,Organisation,100095,South,Region,100094,Royal Hobart Hospital Precinct (RHHP),Site,102125,Vodafone building,Building,101855,07. Seventh Floor,Floor,101295,BLDG Structure,Structure,100713,BLD102374,2084-07 Vodafone building -L7,Active
DoH Tasmania,Organisation,100095,South,Region,100094,St Johns Park (SJP),Site,102161,Vicarage,Building,101700,01. Ground Floor,Floor,101121,BLDG Structure,Structure,100539,BLD100244,0173-01 Vicarage-GF,Active
DoH Tasmania,Organisation,100095,South,Region,100094,Royal Hobart Hospital Precinct (RHHP),Site,102125,BUPA building  25 Argyle Street Hobart,Building,101897,06. Sixth Floor,Floor,101427,BLDG Structure,Structure,100845,BLD102369,2082-06 BUPA building - THS offices-L6,Active
DoH Tasmania,Organisation,100095,South,Region,100094,St Johns Park (SJP),Site,102161,Carruthers Building,Building,101848,02. First Floor,Floor,101278,BLDG Structure,Structure,100696,BLD100277,0055-02 Carruthers Building-L1,Active
DoH Tasmania,Organisation,100095,South,Region,100094,St Johns Park (SJP),Site,102161,Store / Workshop (near Day Centre),Building,101807,01. Ground Floor,Floor,101230,BLDG Structure,Structure,100648,BLD100299,0029-01 Store / Workshop (near Day Centre) -GF,Active
DoH Tasmania,Organisation,100095,South,Region,100094,St Johns Park (SJP),Site,102161,Carruthers Building,Building,101848,03. Second Floor,Floor,101288,BLDG Structure,Structure,100706,BLD100275,0055-03 Carruthers Building-L2,Active
DoH Tasmania,Organisation,100095,South,Region,100094,St Johns Park (SJP),Site,102161,Boiler House,Building,101808,01. Ground Floor,Floor,101231,BLDG Structure,Structure,100649,BLD100307,0054-01 Boiler House -GF,Active
DoH Tasmania,Organisation,100095,South,Region,100094,St Johns Park (SJP),Site,102161,Woodhouse Building,Building,101809,01. Ground Floor,Floor,101232,BLDG Structure,Structure,100650,BLD100254,0058-01 Woodhouse Building -GF,Active
DoH Tasmania,Organisation,100095,South,Region,100094,South Hobart Child Health Centre (STHHCHC),Site,102188,Child Health Centre,Building,101701,01. Ground Floor,Floor,101122,BLDG Structure,Structure,100540,BLD100261,0144-01 Child Health Centre-GF,Active
DoH Tasmania,Organisation,100095,South,Region,100094,Royal Hobart Hospital Precinct (RHHP),Site,102125,Wellington Centre,Building,101887,11. Eleventh Floor,Floor,101351,BLDG Structure,Structure,100769,BLD102652,2085-11 Wellington Centre - Audiology/ Oral /Eye Clinics -L11,Active
DoH Tasmania,Organisation,100095,South,Region,100094,St Johns Park (SJP),Site,102161,"Transport Compound, Workshop, Wash Bay, Store",Building,102010,01. Ground Floor,Floor,101584,BLDG Structure,Structure,101002,BLD102308,"0068-01 Transport Compound, Workshop, Wash Bay, Store-GF",Active
DoH Tasmania,Organisation,100095,South,Region,100094,St Johns Park (SJP),Site,102161,Carruthers Building,Building,101848,01. Ground Floor,Floor,101273,BLDG Structure,Structure,100691,BLD100279,0055-01 Carruthers Building-GF,Active
DoH Tasmania,Organisation,100095,South,Region,100094,St Johns Park (SJP),Site,102161,Cottage,Building,101815,01. Ground Floor,Floor,101238,BLDG Structure,Structure,100656,BLD100305,0061-01 Cottage -GF,Active
DoH Tasmania,Organisation,100095,South,Region,100094,St Johns Park (SJP),Site,102161,Woodhouse Building,Building,101809,02. First Floor,Floor,101282,BLDG Structure,Structure,100700,BLD100260,0058-02 Woodhouse Building -L1,Active
DoH Tasmania,Organisation,100095,South,Region,100094,St Johns Park (SJP),Site,102161,Transport Admin Office,Building,101818,01. Ground Floor,Floor,101241,BLDG Structure,Structure,100659,BLD100248,0345-01 Transport Admin Office -GF,Active
DoH Tasmania,Organisation,100095,South,Region,100094,St Johns Park (SJP),Site,102161,Sub Station (0926),Building,101702,01. Ground Floor,Floor,101123,BLDG Structure,Structure,100541,BLD100405,0926-01 Sub Station-GF,Active
DoH Tasmania,Organisation,100095,South,Region,100094,St Johns Park (SJP),Site,102161,Chalet 1 Alan Rodgers,Building,101819,01. Ground Floor,Floor,101242,BLDG Structure,Structure,100660,BLD100396,0918-01 Chalet 1 Alan Rodgers -GF,Active
DoH Tasmania,Organisation,100095,South,Region,100094,Royal Hobart Hospital Precinct (RHHP),Site,102125,Wellington Centre,Building,101887,08. Eighth floor,Floor,101325,BLDG Structure,Structure,100743,BLD102648,2085-08 Wellington Centre - Womens Health -L8,Active
DoH Tasmania,Organisation,100095,South,Region,100094,St Johns Park (SJP),Site,102161,Amenities Building,Building,101703,01. Ground Floor,Floor,101124,BLDG Structure,Structure,100542,BLD100249,0071-01 Amenities Building-GF,Active
DoH Tasmania,Organisation,100095,South,Region,100094,St Johns Park (SJP),Site,102161,Sub Station (0344),Building,102023,01. Ground Floor,Floor,101598,BLDG Structure,Structure,101016,BLD102314,0344-01 Sub Station,Active
DoH Tasmania,Organisation,100095,South,Region,100094,St Johns Park (SJP),Site,102161,Day Centre,Building,101821,01. Ground Floor,Floor,101244,BLDG Structure,Structure,100662,BLD100259,0175-01 Day Centre -GF,Active
DoH Tasmania,Organisation,100095,South,Region,100094,St Johns Park (SJP),Site,102161,Gate House - 1,Building,101822,01. Ground Floor,Floor,101245,BLDG Structure,Structure,100663,BLD100310,0073-01 Gate House-GF,Active
DoH Tasmania,Organisation,100095,South,Region,100094,St Johns Park (SJP),Site,102161,Gate House  - 2,Building,101704,01. Ground Floor,Floor,101125,BLDG Structure,Structure,100543,BLD100306,0074-01 Gate House-GF,Active
DoH Tasmania,Organisation,100095,South,Region,100094,Royal Hobart Hospital Precinct (RHHP),Site,102125,RHH - K Block,Building,101860,14. Twelth Floor,Floor,101307,BLDG Structure,Structure,100725,BLD102635,0988-15 K Block -Roof and Helipad,Active
DoH Tasmania,Organisation,100095,South,Region,100094,St Johns Park (SJP),Site,102161,Sub Station Karingal,Building,102001,01. Ground Floor,Floor,101575,BLDG Structure,Structure,100993,BLD102313,0924-01 Sub Station Karingal,Active
DoH Tasmania,Organisation,100095,South,Region,100094,St Johns Park (SJP),Site,102161,Karingal Workshop,Building,101826,01. Ground Floor,Floor,101249,BLDG Structure,Structure,100667,BLD100257,0172-01 Karingal Workshop -GF,Active
DoH Tasmania,Organisation,100095,South,Region,100094,St Johns Park (SJP),Site,102161,Clive Hamilton Building,Building,101828,01. Ground Floor,Floor,101252,BLDG Structure,Structure,100670,BLD100250,0063-01 Clive Hamilton Building-GF,Active
DoH Tasmania,Organisation,100095,South,Region,100094,Royal Hobart Hospital Precinct (RHHP),Site,102125,Wellington Centre,Building,101887,02. Second Floor,Floor,101349,BLDG Structure,Structure,100767,BLD102647,2085-02 Wellington Cente - Pathology -L2,Active
DoH Tasmania,Organisation,100095,South,Region,100094,Royal Hobart Hospital Precinct (RHHP),Site,102125,BUPA building  25 Argyle Street Hobart,Building,101897,03. Third Floor,Floor,101388,BLDG Structure,Structure,100806,BLD102366,2082-03 BUPA building -L3,Active
DoH Tasmania,Organisation,100095,South,Region,100094,St Johns Park (SJP),Site,102161,The Hall,Building,101830,01. Ground Floor,Floor,101254,BLDG Structure,Structure,100672,BLD100253,0064-01 The Hall -GF,Active
DoH Tasmania,Organisation,100095,South,Region,100094,St Johns Park (SJP),Site,102161,17 St Johns Avenue,Building,102049,01. Ground Floor,Floor,101626,BLDG Structure,Structure,101044,BLD102525,0053-01 17 St Johns Avenue-GF,Active
DoH Tasmania,Organisation,100095,South,Region,100094,St Johns Park (SJP),Site,102161,1831 North Building,Building,101676,02. Ground Floor,Floor,101257,BLDG Structure,Structure,100675,BLD100264,0067-02 1831 North Building -GF,Active
DoH Tasmania,Organisation,100095,South,Region,100094,St Johns Park (SJP),Site,102161,1831 South Building,Building,101801,02. First Floor,Floor,101283,BLDG Structure,Structure,100701,BLD100271,0059-02 1831 South Building -L1,Active
DoH Tasmania,Organisation,100095,South,Region,100094,St Johns Park (SJP),Site,102161,Bowls Club,Building,101834,01. Ground Floor,Floor,101259,BLDG Structure,Structure,100677,BLD100302,0050-01 Bowls Club -GF,Active
DoH Tasmania,Organisation,100095,South,Region,100094,St Johns Park (SJP),Site,102161,Carruthers Building,Building,101848,04. Third Floor,Floor,101289,BLDG Structure,Structure,100707,BLD100274,0055-04 Carruthers Building-L3,Active
DoH Tasmania,Organisation,100095,South,Region,100094,St Johns Park (SJP),Site,102161,Administration Building,Building,101707,01. Ground Floor,Floor,101128,BLDG Structure,Structure,100546,BLD100263,0600-01 Administration Building-GF,Active
DoH Tasmania,Organisation,100095,South,Region,100094,St Johns Park (SJP),Site,102161,Church,Building,101688,01. Ground Floor,Floor,101109,BLDG Structure,Structure,100527,BLD100243,SJP St John's Church-GF,Active
DoH Tasmania,Organisation,100095,South,Region,100094,Millbrook Rise (MBR),Site,102157,Residence,Building,101795,02. First Floor,Floor,101274,BLDG Structure,Structure,100692,BLD100288,0939-02 Millbrook Rise - Residence-First Floor-L1,Active
DoH Tasmania,Organisation,100095,North,Region,100092,Launceston General Hospital Precinct (LGHP),Site,102143,Allambie Building,Building,102025,02. Ground Floor,Floor,101600,BLDG Structure,Structure,101018,BLD102497,0109-02 Allambie Building-GF,Active
DoH Tasmania,Organisation,100095,South,Region,100094,Holyoake (HYK),Site,102129,Alcohol & Drugs Service,Building,101922,01. Ground Floor,Floor,101541,BLDG Structure,Structure,100959,BLD102446,0714-01 Alcohol & Drugs Service -GF,Active
DoH Tasmania,Organisation,100095,South,Region,100094,Holyoake (HYK),Site,102129,Alcohol & Drugs Service,Building,101922,02. First Floor,Floor,101436,BLDG Structure,Structure,100854,BLD102450,0714-02 Alcohol & Drugs Service -L1,Active
DoH Tasmania,Organisation,100095,North,Region,100092,Launceston General Hospital Precinct (LGHP),Site,102143,Launceston General Hospital,Building,101923,08. Roof,Floor,104926,BLDG Structure,Structure,104927,BLD163011,0100-08 Launceston General Hospital-RF,Active
DoH Tasmania,Organisation,100095,North,Region,100092,Ambulance Tasmania Aeromedical (ATA),Site,104889,Aeromedical Ambulance North,Building,104885,01. Ground Floor,Floor,104872,BLDG Structure,Structure,104859,BLD163004,3008-01 Aeromedical Ambulance North-GF,Active
DoH Tasmania,Organisation,100095,North West,Region,100093,Queenstown Ambulance Station (QTAS),Site,102172,Ambulance Station(Garage),Building,102057,01. Ground Floor,Floor,101635,BLDG Structure,Structure,101053,BLD102325,2093-01 Ambulance Station -GF,Active
DoH Tasmania,Organisation,100095,North West,Region,100093,Queenstown Ambulance Station (QTAS),Site,102172,Ambulance Station (Garage),Building,102061,01. Ground Floor,Floor,101640,BLDG Structure,Structure,101058,BLD102331,2094-01 Ambulance Station -GF,Active
DoH Tasmania,Organisation,100095,South,Region,100094,St Johns Park (SJP),Site,102161,Security Office (check this),Building,102073,01. Ground Floor,Floor,101653,BLDG Structure,Structure,101071,BLD102310,0065-01 Security Office -GF,Active
DoH Tasmania,Organisation,100095,South,Region,100094,Hobart Private Hospital (HPH),Site,102124,Private Hospital (G Block),Building,101929,09. Roof,Floor,104804,BLDG Structure,Structure,104831,BLD162983,0733-09 Private Hospital-RF,Active
DoH Tasmania,Organisation,100095,North,Region,100092,Flinders Island Multi Purpose Service Centre (FIMPSC),Site,102209,Unit 1,Building,101868,01. Ground Floor,Floor,101310,BLDG Structure,Structure,100728,BLD102362,0991-01 Unit 1 -GF,Active
DoH Tasmania,Organisation,100095,North West,Region,100093,North West Regional Hospital Precinct (NWRHP),Site,102107,Helipad,Building,101983,02. First Floor,Floor,101545,BLDG Structure,Structure,100963,BLD102405,0963-02 Helipad-L1,Active
DoH Tasmania,Organisation,100095,South,Region,100094,Hobart Private Hospital (HPH),Site,102124,Private Hospital (G Block),Building,101929,07. Sixth Floor,Floor,101465,BLDG Structure,Structure,100883,BLD102430,0733-07 Private Hospital-L6,Active
DoH Tasmania,Organisation,100095,South,Region,100094,Hobart Private Hospital (HPH),Site,102124,Private Hospital (G Block),Building,101929,04. Third Floor,Floor,101492,BLDG Structure,Structure,100910,BLD102424,0733-04 Private Hospital-L3,Active
DoH Tasmania,Organisation,100095,South,Region,100094,Hobart Private Hospital (HPH),Site,102124,Private Hospital (G Block),Building,101929,06. Fifth Floor,Floor,101508,BLDG Structure,Structure,100926,BLD102432,0733-06 Private Hospital-L5,Active
DoH Tasmania,Organisation,100095,South,Region,100094,Hobart Private Hospital (HPH),Site,102124,Private Hospital (G Block),Building,101929,02. First Floor,Floor,101511,BLDG Structure,Structure,100929,BLD102422,0733-02 Private Hospital-L1,Active
DoH Tasmania,Organisation,100095,South,Region,100094,Hobart Private Hospital (HPH),Site,102124,Private Hospital (G Block),Building,101929,03. Second Floor,Floor,101445,BLDG Structure,Structure,100863,BLD102416,0733-03 Private Hospital-L2,Active
DoH Tasmania,Organisation,100095,South,Region,100094,Hobart Private Hospital (HPH),Site,102124,Private Hospital (G Block),Building,101929,01. Ground Floor,Floor,101486,BLDG Structure,Structure,100904,BLD102423,0733-01 Private Hospital-GF,Active
DoH Tasmania,Organisation,100095,South,Region,100094,Hobart Private Hospital (HPH),Site,102124,Private Hospital (G Block),Building,101929,05. Fourth Floor,Floor,101447,BLDG Structure,Structure,100865,BLD102425,0733-05 Private Hospital-L4,Active
DoH Tasmania,Organisation,100095,South,Region,100094,Hobart Private Hospital (HPH),Site,102124,Private Hospital (G Block),Building,101929,08. Seventh Floor,Floor,101548,BLDG Structure,Structure,100966,BLD102429,0733-08 Private Hospital-L7,Active
DoH Tasmania,Organisation,100095,North,Region,100092,Flinders Island Multi Purpose Service Centre (FIMPSC),Site,102209,Unit 3,Building,101865,01. Ground Floor,Floor,101305,BLDG Structure,Structure,100723,BLD102361,0891-01 Unit 3-GF,Active
DoH Tasmania,Organisation,100095,North,Region,100092,Flinders Island Multi Purpose Service Centre (FIMPSC),Site,102209,Unit 5,Building,101910,01. Ground Floor,Floor,101409,BLDG Structure,Structure,100827,BLD102363,0893-01 Unit 5 -GF,Active
DoH Tasmania,Organisation,100095,North,Region,100092,Flinders Island Multi Purpose Service Centre (FIMPSC),Site,102209,Unit 4,Building,101917,01. Ground Floor,Floor,101430,BLDG Structure,Structure,100848,BLD102360,0892-01 Unit 4-GF,Active
DoH Tasmania,Organisation,100095,North,Region,100092,Flinders Island Multi Purpose Service Centre (FIMPSC),Site,102209,Unit 2,Building,101864,01. Ground Floor,Floor,101304,BLDG Structure,Structure,100722,BLD102359,0890-01 Unit 2 -GF,Active
DoH Tasmania,Organisation,100095,North,Region,100092,Flinders Island Multi Purpose Service Centre (FIMPSC),Site,102209,Unit 6,Building,101863,01. Ground Floor,Floor,101303,BLDG Structure,Structure,100721,BLD102364,0990-01 Unit 6-GF,Active
DoH Tasmania,Organisation,100095,South,Region,100094,Ambulance Tas Regional Office (ATRO),Site,102122,Communications Centre,Building,101939,02. First Floor,Floor,101462,BLDG Structure,Structure,100880,BLD102419,0682-02 Communications Centre -L1,Active
DoH Tasmania,Organisation,100095,South,Region,100094,Ambulance Tas Regional Office (ATRO),Site,102122,Regional Office,Building,101946,01. Ground Floor,Floor,101473,BLDG Structure,Structure,100891,BLD102420,0682-01 Regional Office -GF,Active
DoH Tasmania,Organisation,100095,North West,Region,100093,North West Regional Hospital Precinct (NWRHP),Site,102107,Major Hospital,Building,101989,02. Level 1,Floor,102913,BLDG Structure,Structure,102915,BLD112034,0272-02 Major Hospital-L1,Active
DoH Tasmania,Organisation,100095,North West,Region,100093,North West Regional Hospital Precinct (NWRHP),Site,102107,Major Hospital,Building,101989,03. Level 2,Floor,102914,BLDG Structure,Structure,102916,BLD112038,0272-03 Major Hospital-L2,Active
DoH Tasmania,Organisation,100095,South,Region,100094,Peacock Centre MHS (PCMHS),Site,102217,Peacock Centre,Building,101718,01. Ground Floor,Floor,101139,BLDG Structure,Structure,100557,BLD100412,2077-01 Peacock Centre -GF,Active
DoH Tasmania,Organisation,100095,South,Region,100094,Royal Hobart Hospital Liverpool Clinic (RHHLC),Site,104771,RHH Liverpool Clinics,Building,104772,01. Level 7 Outpatient Clinics,Floor,104773,BLDG Structure,Structure,104774,BLD162974,2113-07 RHH Liverpool Clinics,Active
DoH Tasmania,Organisation,100095,South,Region,100094,Peacock Centre MHS (PCMHS),Site,102217,Peacock Centre  - New build,Building,101851,01. Ground Floor,Floor,101366,BLDG Structure,Structure,100784,BLD102365,2081-01 Peacock Centre  - New build-GF,Active
DoH Tasmania,Organisation,100095,South,Region,100094,Peacock Centre MHS (PCMHS),Site,102217,Peacock Centre  - Greenhouse,Building,101714,03. Ground Floor,Floor,101135,BLDG Structure,Structure,100553,BLD100242,2081-03 Peacock Centre  - Greenhouse -GF,Active
DoH Tasmania,Organisation,100095,North,Region,100092,Launceston General Hospital Precinct (LGHP),Site,102143,Lindsay Miller Building,Building,101978,03. Plant room,Floor,104924,BLDG Structure,Structure,104925,BLD163010,2020-03 Lindsay Miller Building-Plant room,Active
DoH Tasmania,Organisation,100095,North,Region,100092,Launceston General Hospital Precinct (LGHP),Site,102143,Holman Clinic Patient & Student Accom & Spurr Wing,Building,102046,02. First Floor,Floor,104928,BLDG Structure,Structure,104929,BLD163012,0866-01 Holman Clinic Patient & Student Accom & Spurr Wing-L1,Active
DoH Tasmania,Organisation,100095,South,Region,100094,Royal Hobart Hospital Precinct (RHHP),Site,102125,RHH - C Block,Building,101869,07. Fifth Floor,Floor,101387,BLDG Structure,Structure,100805,BLD102584,0112-07 C Block -L5,Active
DoH Tasmania,Organisation,100095,South,Region,100094,Royal Hobart Hospital Precinct (RHHP),Site,102125,D Block - Infill building,Building,101895,06. Roof,Floor,104814,BLDG Structure,Structure,104841,BLD162991,0121-06 D Block-RF,Active
DoH Tasmania,Organisation,100095,South,Region,100094,Telstra Building,Site,105005,Telstra,Building,101875,07. Fifth Floor,Floor,101322,BLDG Structure,Structure,100740,BLD102371,2083-07 Telstra -L5,Active
DoH Tasmania,Organisation,100095,South,Region,100094,Telstra Building,Site,105005,Telstra,Building,101875,04. Fourth Floor,Floor,101396,BLDG Structure,Structure,100814,BLD102372,2083-04 Telstra -L4,Active
DoH Tasmania,Organisation,100095,South,Region,100094,56 Collins St,Site,105004,Sexual Health Services,Building,104873,01. Ground Floor,Floor,104860,BLDG Structure,Structure,104847,BLD162995,2115-01 Sexual Health Services,Active
